"account_no","description","address","payer","stars_include","date","thousands_gal","days","water_charges","sewer_charges","water_charges_adjusted","sewer_charges_adjusted","payments","current_charges","fiscal_year"
"6423941420","EW Dole","2566 DOLE ST","uhm_admin","1","2022-7-18","7642","32","$39,525.07",,"$39,525.07",,,,"fy23"
"7540143529","Hale Anuenue","2741 VARSITY PL","student_housing","0","2022-7-18","9","32","$97.79",,"$97.79",,,,"fy23"
"2120007870","Magoon","2717 WOODLAWN DR","uhm_admin","1","2022-7-18","276","32","$1,465.77",,"$1,465.77",,,,"fy23"
"8895599400","LC1 LC4 Temp Building","1490 UNIVERSITY AVE","uhm_admin","1","2022-7-18","39","32","$242.85",,"$242.85",,,,"fy23"
"8821362865","Waialae Gate","2800 KALELE RD","uhm_admin","1","2022-7-18","0","32","$41.61",,"$41.61",,,,"fy23"
"1526984921","Frear Hall","2568 DOLE ST","student_housing","1","2022-7-18","409","32","$2,202.79",,"$2,202.79",,,,"fy23"
"34775567","Stan Sheriff Center","2421 DOLE ST","uhm_admin","1","2022-7-18","160","32","$867.21",,"$867.21",,,,"fy23"
"5753055064","College of Ed Metcalf","2329 METCALF ST","uhm_admin","1","2022-7-15","78","30","$453.83",,"$453.83",,,,"fy23"
"3552088266","Magoon","2719 WOODLAWN DR","uhm_admin","1","2022-7-18","0","32","$27.13",,"$27.13",,,,"fy23"
"7714052806","Hamiliton Library ","2444 DOLE ST","uhm_admin","1","2022-7-19","1474","32","$7,698.19",,"$7,698.19",,,,"fy23"
"9327860114","Bachman","2446 DOLE ST","uhm_admin","1","2022-7-18","0","32","$50.74",,"$50.74",,,,"fy23"
"34775567","Stan Sheriff Center","2421 DOLE ST","uhm_admin","1","2022-7-20","807","33","$4,256.47",,"$4,256.47",,,,"fy23"
"828232769","UHM PRI","2500 DOLE ST","uhm_admin","1","2022-7-18","95","32","$531.81",,"$531.81",,,,"fy23"
"5867595493","Makai Campus","1590 UNIVERSITY AVE","uhm_admin","1","2022-7-20","0","33","$97.98",,"$97.98",,,,"fy23"
"4510777068","Hemenway Area","2415 CAMPUS RD","uhm_admin","1","2022-7-18","102","32","$542.82",,"$542.82",,,,"fy23"
"2075731490","Hawaii Quad","2560 CAMPUS RD","uhm_admin","1","2022-7-18","692","32","$3,668.70",,"$3,668.70",,,,"fy23"
"6866598284","Music Dept ph1","2421 DOLE ST","uhm_admin","1","2022-7-18","129","32","$763.62",,"$763.62",,,,"fy23"
"2512030535","Hawaiian Studies","2645 DOLE ST","uhm_admin","1","2022-7-18","420","32","$2,208.81",,"$2,208.81",,,,"fy23"
"9106985821","College of Education","1726 UNIVERSITY AVE","uhm_admin","1","2022-7-15","577","30","$3,075.30",,"$3,075.30",,,,"fy23"
"9282831505","East West 12 Main","2444 DOLE ST","uhm_admin","1","2022-7-18","6080","32","$31,905.94",,"$31,905.94",,,,"fy23"
"6588641878","Castle Memorial Building","1776 UNIVERSITY AVE","uhm_admin","1","2022-7-15","0","30","$92.35",,"$92.35",,,,"fy23"
"7418239794","Dole St. Parking Structure","2645 DOLE ST","uhm_admin","1","2022-7-18","0","32","$14.45",,"$14.45",,,,"fy23"
"9574993565","Sinclair Library ","2405 CAMPUS RD","uhm_admin","1","2022-7-18","565","32","$2,957.01",,"$2,957.01",,,,"fy23"
"9149298847","Music Building","1512 UNIVERSITY AVE","uhm_admin","1","2022-7-18","24","32","$165.45",,"$165.45",,,,"fy23"
"6395697372","Parking structure ","2525 DOLE ST","uhm_admin","1","2022-7-19","2554","32","$13,270.99",,"$13,270.99",,,,"fy23"
"9045013999","Bilger Hall","2545 THE MALL","uhm_admin","1","2022-7-18","0","32","$51.35",,"$51.35",,,,"fy23"
"1970024388","Hawaii Hall AFS","2444 DOLE ST","uhm_admin","1","2022-7-18","0","31","$7.42",,"$7.42",,,,"fy23"
"7923743424","Johnson Hall","2555 DOLE ST","student_housing","1","2022-7-18","142","32","$784.07",,"$784.07",,,,"fy23"
"702227448","College Hill","2234 KAMEHAMEHA AVE","uhm_admin","1","2022-7-15","93","30","$630.08",,"$630.08",,,,"fy23"
"7090938420","Bachman Hall","2444 DOLE ST","uhm_admin","1","2022-7-18","0","31","$27.13",,"$27.13",,,,"fy23"
"6073360529","Law School","2505 DOLE ST","uhm_admin","1","2022-7-20","13","33","$108.69",,"$108.69",,,,"fy23"
"3436873877","Keller Hall","2565 THE MALL","uhm_admin","1","2022-7-18","274","32","$1,465.19",,"$1,465.19",,,,"fy23"
"3660930616","Bachman Area","1635 UNIVERSITY AVE","uhm_admin","1","2022-7-18","120","32","$660.81",,"$660.81",,,,"fy23"
"1351227019","Law School bill but it  serves Building 171F, Makai Portables, and the Air Force & Army ROTC Bldgs","2750 VARSITY PL","uhm_admin","1","2022-7-18","69","32","$397.65",,"$397.65",,,,"fy23"
"5999861532","Campus Center","2505 CAMPUS RD","uhm_admin","1","2022-7-18","0","32","$41.61",,"$41.61",,,,"fy23"
"7308357431","Magoon","2727 WOODLAWN DR","uhm_admin","1","2022-7-18","12","32","$78.42",,"$78.42",,,,"fy23"
"1015515136","Bachman Hall"," 2444 Dole St","uhm_admin","1","2022-7-18","4","32","$62.25",,"$62.25",,,,"fy23"
"3196583104","ACM (will be torn down soon)","2340 DOLE ST","uhm_admin","1","2022-7-15","0","30","$83.22",,"$83.22",,,,"fy23"
"9045013999","Bilger Hall","2545 THE MALL","uhm_admin","1","2022-8-18","4","31","$74.63",,"$74.63",,,,"fy23"
"6423941420","EW Dole","2566 DOLE ST","uhm_admin","1","2022-8-18","8695","31","$45,919.04",,"$45,919.04",,,,"fy23"
"9149298847","Music Building","1512 UNIVERSITY AVE","uhm_admin","1","2022-8-18","20","31","$148.85",,"$148.85",,,,"fy23"
"6395697372","Parking structure ","2525 DOLE ST","uhm_admin","1","2022-8-20","3773","32","$19,980.10",,"$19,980.10",,,,"fy23"
"9574993565","Sinclair Library ","2405 CAMPUS RD","uhm_admin","1","2022-8-18","404","31","$2,172.53",,"$2,172.53",,,,"fy23"
"9106985821","College of Education","1726 UNIVERSITY AVE","uhm_admin","1","2022-8-15","544","31","$2,968.80",,"$2,968.80",,,,"fy23"
"5753055064","College of Ed Metcalf","2329 METCALF ST","uhm_admin","1","2022-8-15","83","31","$490.96",,"$490.96",,,,"fy23"
"8821362865","Waialae Gate","2800 KALELE RD","uhm_admin","1","2022-8-18","0","31","$43.45",,"$43.45",,,,"fy23"
"6588641878","Castle Memorial Building","1776 UNIVERSITY AVE","uhm_admin","1","2022-8-15","0","31","$96.39",,"$96.39",,,,"fy23"
"4510777068","Hemenway Area","2415 CAMPUS RD","uhm_admin","1","2022-8-18","93","31","$507.52",,"$507.52",,,,"fy23"
"7418239794","Dole St. Parking Structure","2645 DOLE ST","uhm_admin","1","2022-8-18","0","31","$15.28",,"$15.28",,,,"fy23"
"6073360529","Law School","2505 DOLE ST","uhm_admin","1","2022-8-20","14","31","$117.23",,"$117.23",,,,"fy23"
"1351227019","Law School bill but it  serves Building 171F, Makai Portables, and the Air Force & Army ROTC Bldgs","2750 VARSITY PL","uhm_admin","1","2022-8-18","96","31","$549.37",,"$549.37",,,,"fy23"
"5867595493","Makai Campus","1590 UNIVERSITY AVE","uhm_admin","1","2022-8-20","0","31","$101.92",,"$101.92",,,,"fy23"
"7923743424","Johnson Hall","2555 DOLE ST","student_housing","1","2022-8-18","204","31","$1,128.63",,"$1,128.63",,,,"fy23"
"828232769","UHM PRI","2500 DOLE ST","uhm_admin","1","2022-8-18","125","31","$702.20",,"$702.20",,,,"fy23"
"3660930616","Bachman Area","1635 UNIVERSITY AVE","uhm_admin","1","2022-8-18","88","31","$507.21",,"$507.21",,,,"fy23"
"7090938420","Bachman Hall","2444 DOLE ST","uhm_admin","1","2022-8-18","0","31","$28.44",,"$28.44",,,,"fy23"
"9327860114","Bachman","2446 DOLE ST","uhm_admin","1","2022-8-18","0","31","$52.94",,"$52.94",,,,"fy23"
"1970024388","Hawaii Hall AFS","2444 DOLE ST","uhm_admin","1","2022-8-18","0","31","$7.99",,"$7.99",,,,"fy23"
"2512030535","Hawaiian Studies","2645 DOLE ST","uhm_admin","1","2022-8-18","387","31","$2,082.94",,"$2,082.94",,,,"fy23"
"3196583104","ACM (will be torn down soon)","2340 DOLE ST","uhm_admin","1","2022-8-15","0","31","$86.90",,"$86.90",,,,"fy23"
"2075731490","Hawaii Quad","2560 CAMPUS RD","uhm_admin","1","2022-8-18","584","31","$3,179.60",,"$3,179.60",,,,"fy23"
"5999861532","Campus Center","2505 CAMPUS RD","uhm_admin","1","2022-8-18","0","31","$43.45",,"$43.45",,,,"fy23"
"6866598284","Music Dept ph1","2421 DOLE ST","uhm_admin","1","2022-8-18","99","31","$623.65",,"$623.65",,,,"fy23"
"702227448","College Hill","2234 KAMEHAMEHA AVE","uhm_admin","1","2022-8-15","252","31","$2,134.05",,"$2,134.05",,,,"fy23"
"7540143529","Hale Anuenue","2741 VARSITY PL","student_housing","0","2022-8-18","58","31","$359.21",,"$359.21",,,,"fy23"
"7714052806","Hamiliton Library ","2444 DOLE ST","uhm_admin","1","2022-8-20","2226","32","$11,827.41",,"$11,827.41",,,,"fy23"
"7308357431","Magoon","2727 WOODLAWN DR","uhm_admin","1","2022-8-18","10","31","$70.11",,"$70.11",,,,"fy23"
"3552088266","Magoon","2719 WOODLAWN DR","uhm_admin","1","2022-8-18","0","31","$28.44",,"$28.44",,,,"fy23"
"9282831505","East West 12 Main","2444 DOLE ST","uhm_admin","1","2022-8-18","5685","31","$30,513.51",,"$30,513.51",,,,"fy23"
"3436873877","Keller Hall","2565 THE MALL","uhm_admin","1","2022-8-18","274","31","$1,497.53",,"$1,497.53",,,,"fy23"
"34775567","Stan Sheriff Center","2421 DOLE ST","uhm_admin","1","2022-8-20","957","31","$5,139.78",,"$5,139.78",,,,"fy23"
"1526984921","Frear Hall","2568 DOLE ST","student_housing","1","2022-8-18","433","31","$2,378.30",,"$2,378.30",,,,"fy23"
"8895599400","LC1 LC4 Temp Building","1490 UNIVERSITY AVE","uhm_admin","1","2022-8-18","31","31","$206.82",,"$206.82",,,,"fy23"
"2120007870","Magoon","2717 WOODLAWN DR","uhm_admin","1","2022-8-18","276","31","$1,497.97",,"$1,497.97",,,,"fy23"
"1015515136","Bachman Hall"," 2444 Dole St","uhm_admin","1","2022-8-18","20","31","$148.85",,"$148.85",,,,"fy23"
"311848343","Institute for Astronomy ","2680 WOODLAWN DR","uhm_admin","1","2022-8-18","147","31","$818.14",,"$818.14",,,,"fy23"
"34775567","Stan Sheriff Center","2421 DOLE ST","uhm_admin","1","2022-9-20","789","31","$4,254.42",,"$4,254.42",,,,"fy23"
"9574993565","Sinclair Library ","2405 CAMPUS RD","uhm_admin","1","2022-9-17","584","30","$3,121.13",,"$3,121.13",,,,"fy23"
"6423941420","EW Dole","2566 DOLE ST","uhm_admin","1","2022-9-17","9784","30","$51,658.07",,"$51,658.07",,,,"fy23"
"2075731490","Hawaii Quad","2560 CAMPUS RD","uhm_admin","1","2022-9-17","711","30","$3,848.89",,"$3,848.89",,,,"fy23"
"6588641878","Castle Memorial Building","1776 UNIVERSITY AVE","uhm_admin","1","2022-9-16","0","32","$96.39",,"$96.39",,,,"fy23"
"6866598284","Music Dept ph1","2421 DOLE ST","uhm_admin","1","2022-9-17","163","30","$960.93",,"$960.93",,,,"fy23"
"1970024388","Hawaii Hall AFS","2444 DOLE ST","uhm_admin","1","2022-9-17","0","30","$7.99",,"$7.99",,,,"fy23"
"7090938420","Bachman Hall","2444 DOLE ST","uhm_admin","1","2022-9-17","0","30","$28.44",,"$28.44",,,,"fy23"
"9282831505","East West 12 Main","2444 DOLE ST","uhm_admin","1","2022-9-17","6725","30","$35,994.31",,"$35,994.31",,,,"fy23"
"7923743424","Johnson Hall","2555 DOLE ST","student_housing","1","2022-9-17","442","30","$2,382.89",,"$2,382.89",,,,"fy23"
"7308357431","Magoon","2727 WOODLAWN DR","uhm_admin","1","2022-9-17","12","30","$80.65",,"$80.65",,,,"fy23"
"702227448","College Hill","2234 KAMEHAMEHA AVE","uhm_admin","1","2022-9-16","843","32","$7,600.80",,"$7,600.80",,,,"fy23"
"1015515136","Bachman Hall"," 2444 Dole St","uhm_admin","1","2022-9-17","40","30","$254.25",,"$254.25",,,,"fy23"
"9327860114","Bachman","2446 DOLE ST","uhm_admin","1","2022-9-17","0","30","$52.94",,"$52.94",,,,"fy23"
"7418239794","Dole St. Parking Structure","2645 DOLE ST","uhm_admin","1","2022-9-17","6","30","$46.90",,"$46.90",,,,"fy23"
"828232769","UHM PRI","2500 DOLE ST","uhm_admin","1","2022-9-17","153","30","$849.76",,"$849.76",,,,"fy23"
"7714052806","Hamiliton Library ","2444 DOLE ST","uhm_admin","1","2022-9-20","2260","31","$12,006.59",,"$12,006.59",,,,"fy23"
"9045013999","Bilger Hall","2545 THE MALL","uhm_admin","1","2022-9-17","0","30","$53.55",,"$53.55",,,,"fy23"
"9149298847","Music Building","1512 UNIVERSITY AVE","uhm_admin","1","2022-9-17","27","30","$185.74",,"$185.74",,,,"fy23"
"8821362865","Waialae Gate","2800 KALELE RD","uhm_admin","1","2022-9-17","0","30","$43.45",,"$43.45",,,,"fy23"
"3660930616","Bachman Area","1635 UNIVERSITY AVE","uhm_admin","1","2022-9-17","48","30","$296.41",,"$296.41",,,,"fy23"
"4510777068","Hemenway Area","2415 CAMPUS RD","uhm_admin","1","2022-9-17","101","30","$549.68",,"$549.68",,,,"fy23"
"3552088266","Magoon","2719 WOODLAWN DR","uhm_admin","1","2022-9-17","0","30","$28.44",,"$28.44",,,,"fy23"
"311848343","Institute for Astronomy ","2680 WOODLAWN DR","uhm_admin","1","2022-9-17","152","30","$844.49",,"$844.49",,,,"fy23"
"1351227019","Law School bill but it  serves Building 171F, Makai Portables, and the Air Force & Army ROTC Bldgs","2750 VARSITY PL","uhm_admin","1","2022-9-17","106","30","$602.07",,"$602.07",,,,"fy23"
"7540143529","Hale Anuenue","2741 VARSITY PL","student_housing","0","2022-9-17","8","30","$95.71",,"$95.71",,,,"fy23"
"5753055064","College of Ed Metcalf","2329 METCALF ST","uhm_admin","1","2022-9-16","82","32","$485.69",,"$485.69",,,,"fy23"
"3436873877","Keller Hall","2565 THE MALL","uhm_admin","1","2022-9-17","413","30","$2,230.06",,"$2,230.06",,,,"fy23"
"5867595493","Makai Campus","1590 UNIVERSITY AVE","uhm_admin","1","2022-9-20","0","31","$101.92",,"$101.92",,,,"fy23"
"8895599400","LC1 LC4 Temp Building","1490 UNIVERSITY AVE","uhm_admin","1","2022-9-17","40","30","$254.25",,"$254.25",,,,"fy23"
"3196583104","ACM (will be torn down soon)","2340 DOLE ST","uhm_admin","1","2022-9-16","0","32","$86.90",,"$86.90",,,,"fy23"
"1526984921","Frear Hall","2568 DOLE ST","student_housing","1","2022-9-17","814","30","$4,386.17",,"$4,386.17",,,,"fy23"
"2512030535","Hawaiian Studies","2645 DOLE ST","uhm_admin","1","2022-9-17","434","30","$2,330.63",,"$2,330.63",,,,"fy23"
"6073360529","Law School","2505 DOLE ST","uhm_admin","1","2022-9-17","52","28","$317.49",,"$317.49",,,,"fy23"
"6395697372","Parking structure ","2525 DOLE ST","uhm_admin","1","2022-9-20","2507","31","$13,308.28",,"$13,308.28",,,,"fy23"
"9106985821","College of Education","1726 UNIVERSITY AVE","uhm_admin","1","2022-9-16","613","32","$3,332.43",,"$3,332.43",,,,"fy23"
"2120007870","Magoon","2717 WOODLAWN DR","uhm_admin","1","2022-9-17","341","30","$1,840.52",,"$1,840.52",,,,"fy23"
"311848343","Institute for Astronomy ","2680 WOODLAWN DR","uhm_admin","1","2022-10-17","152","30","$844.49",,"$844.49",,,,"fy23"
"6395697372","Parking structure ","2525 DOLE ST","uhm_admin","1","2022-10-19","2377","29","$12,623.18",,"$12,623.18",,,,"fy23"
"9574993565","Sinclair Library ","2405 CAMPUS RD","uhm_admin","1","2022-10-17","497","30","$2,662.64",,"$2,662.64",,,,"fy23"
"9106985821","College of Education","1726 UNIVERSITY AVE","uhm_admin","1","2022-10-16","634","30","$3,443.10",,"$3,443.10",,,,"fy23"
"6588641878","Castle Memorial Building","1776 UNIVERSITY AVE","uhm_admin","1","2022-10-16","0","30","$96.39",,"$96.39",,,,"fy23"
"3552088266","Magoon","2719 WOODLAWN DR","uhm_admin","1","2022-10-17","0","30","$28.44",,"$28.44",,,,"fy23"
"6073360529","Law School","2505 DOLE ST","uhm_admin","1","2022-10-17","56","30","$338.57",,"$338.57",,,,"fy23"
"2075731490","Hawaii Quad","2560 CAMPUS RD","uhm_admin","1","2022-10-17","634","30","$3,443.10",,"$3,443.10",,,,"fy23"
"6423941420","EW Dole","2566 DOLE ST","uhm_admin","1","2022-10-17","10112","30","$53,386.63",,"$53,386.63",,,,"fy23"
"8821362865","Waialae Gate","2800 KALELE RD","uhm_admin","1","2022-10-17","0","30","$43.45",,"$43.45",,,,"fy23"
"2120007870","Magoon","2717 WOODLAWN DR","uhm_admin","1","2022-10-17","311","30","$1,682.42",,"$1,682.42",,,,"fy23"
"9149298847","Music Building","1512 UNIVERSITY AVE","uhm_admin","1","2022-10-17","29","30","$196.28",,"$196.28",,,,"fy23"
"702227448","College Hill","2234 KAMEHAMEHA AVE","uhm_admin","1","2022-10-16","7","30","$51.00",,"$51.00",,,,"fy23"
"7714052806","Hamiliton Library ","2444 DOLE ST","uhm_admin","1","2022-10-20","2232","30","$11,859.03",,"$11,859.03",,,,"fy23"
"34775567","Stan Sheriff Center","2421 DOLE ST","uhm_admin","1","2022-10-19","863","29","$4,644.40",,"$4,644.40",,,,"fy23"
"828232769","UHM PRI","2500 DOLE ST","uhm_admin","1","2022-10-17","136","30","$760.17",,"$760.17",,,,"fy23"
"7418239794","Dole St. Parking Structure","2645 DOLE ST","uhm_admin","1","2022-10-17","1","30","$20.55",,"$20.55",,,,"fy23"
"7540143529","Hale Anuenue","2741 VARSITY PL","student_housing","0","2022-10-17","9","30","$100.98",,"$100.98",,,,"fy23"
"5867595493","Makai Campus","1590 UNIVERSITY AVE","uhm_admin","1","2022-10-19","0","29","$101.92",,"$101.92",,,,"fy23"
"4510777068","Hemenway Area","2415 CAMPUS RD","uhm_admin","1","2022-10-17","82","30","$449.55",,"$449.55",,,,"fy23"
"3196583104","ACM (will be torn down soon)","2340 DOLE ST","uhm_admin","1","2022-10-16","0","30","$86.90",,"$86.90",,,,"fy23"
"9327860114","Bachman","2446 DOLE ST","uhm_admin","1","2022-10-17","0","30","$52.94",,"$52.94",,,,"fy23"
"8895599400","LC1 LC4 Temp Building","1490 UNIVERSITY AVE","uhm_admin","1","2022-10-17","54","30","$328.03",,"$328.03",,,,"fy23"
"1015515136","Bachman Hall"," 2444 Dole St","uhm_admin","1","2022-10-17","4","30","$64.53",,"$64.53",,,,"fy23"
"3660930616","Bachman Area","1635 UNIVERSITY AVE","uhm_admin","1","2022-10-17","76","30","$443.97",,"$443.97",,,,"fy23"
"9282831505","East West 12 Main","2444 DOLE ST","uhm_admin","1","2022-10-17","7155","30","$38,260.41",,"$38,260.41",,,,"fy23"
"7308357431","Magoon","2727 WOODLAWN DR","uhm_admin","1","2022-10-17","10","30","$70.11",,"$70.11",,,,"fy23"
"7923743424","Johnson Hall","2555 DOLE ST","student_housing","1","2022-10-17","440","30","$2,372.35",,"$2,372.35",,,,"fy23"
"1351227019","Law School bill but it  serves Building 171F, Makai Portables, and the Air Force & Army ROTC Bldgs","2750 VARSITY PL","uhm_admin","1","2022-10-17","115","30","$649.50",,"$649.50",,,,"fy23"
"5999861532","Campus Center","2505 CAMPUS RD","uhm_admin","1","2022-10-17","0","60","$43.45",,"$43.45",,,,"fy23"
"7090938420","Bachman Hall","2444 DOLE ST","uhm_admin","1","2022-10-17","0","30","$28.44",,"$28.44",,,,"fy23"
"9045013999","Bilger Hall","2545 THE MALL","uhm_admin","1","2022-10-17","0","30","$53.55",,"$53.55",,,,"fy23"
"2512030535","Hawaiian Studies","2645 DOLE ST","uhm_admin","1","2022-10-17","465","30","$2,494.00",,"$2,494.00",,,,"fy23"
"3436873877","Keller Hall","2565 THE MALL","uhm_admin","1","2022-10-17","376","30","$2,035.07",,"$2,035.07",,,,"fy23"
"6866598284","Music Dept ph1","2421 DOLE ST","uhm_admin","1","2022-10-17","173","30","$1,013.63",,"$1,013.63",,,,"fy23"
"1970024388","Hawaii Hall AFS","2444 DOLE ST","uhm_admin","1","2022-10-17","0","30","$7.99",,"$7.99",,,,"fy23"
"1526984921","Frear Hall","2568 DOLE ST","student_housing","1","2022-10-17","851","30","$4,581.16",,"$4,581.16",,,,"fy23"
"5753055064","College of Ed Metcalf","2329 METCALF ST","uhm_admin","1","2022-10-16","12","30","$116.79",,"$116.79",,,,"fy23"
"4510777068","Hemenway Area","2415 CAMPUS RD","uhm_admin","1","2022-11-21","94","35","$512.79",,"$512.79",,,,"fy23"
"7540143529","Hale Anuenue","2741 VARSITY PL","student_housing","0","2022-11-18","6","32","$85.17",,"$85.17",,,,"fy23"
"7418239794","Dole St. Parking Structure","2645 DOLE ST","uhm_admin","1","2022-11-18","0","32","$15.28",,"$15.28",,,,"fy23"
"702227448","College Hill","2234 KAMEHAMEHA AVE","uhm_admin","1","2022-11-17","238","32","$2,004.55",,"$2,004.55",,,,"fy23"
"7714052806","Hamiliton Library ","2444 DOLE ST","uhm_admin","1","2022-11-21","2247","32","$11,938.08",,"$11,938.08",,,,"fy23"
"9282831505","East West 12 Main","2444 DOLE ST","uhm_admin","1","2022-11-18","6100","32","$32,700.56",,"$32,700.56",,,,"fy23"
"9045013999","Bilger Hall","2545 THE MALL","uhm_admin","1","2022-11-18","0","32","$53.55",,"$53.55",,,,"fy23"
"9106985821","College of Education","1726 UNIVERSITY AVE","uhm_admin","1","2022-11-17","556","32","$3,032.04",,"$3,032.04",,,,"fy23"
"9149298847","Music Building","1512 UNIVERSITY AVE","uhm_admin","1","2022-11-18","30","32","$201.55",,"$201.55",,,,"fy23"
"828232769","UHM PRI","2500 DOLE ST","uhm_admin","1","2022-11-18","120","32","$675.85",,"$675.85",,,,"fy23"
"34775567","Stan Sheriff Center","2421 DOLE ST","uhm_admin","1","2022-11-21","1042","33","$5,587.73",,"$5,587.73",,,,"fy23"
"7923743424","Johnson Hall","2555 DOLE ST","student_housing","1","2022-11-18","411","32","$2,219.52",,"$2,219.52",,,,"fy23"
"1015515136","Bachman Hall"," 2444 Dole St","uhm_admin","1","2022-11-18","8","32","$85.61",,"$85.61",,,,"fy23"
"1351227019","Law School bill but it  serves Building 171F, Makai Portables, and the Air Force & Army ROTC Bldgs","2750 VARSITY PL","uhm_admin","1","2022-11-18","52","32","$317.49",,"$317.49",,,,"fy23"
"1970024388","Hawaii Hall AFS","2444 DOLE ST","uhm_admin","1","2022-11-21","0","35","$7.99",,"$7.99",,,,"fy23"
"2075731490","Hawaii Quad","2560 CAMPUS RD","uhm_admin","1","2022-11-18","619","32","$3,364.05",,"$3,364.05",,,,"fy23"
"2120007870","Magoon","2717 WOODLAWN DR","uhm_admin","1","2022-11-18","324","32","$1,750.93",,"$1,750.93",,,,"fy23"
"1526984921","Frear Hall","2568 DOLE ST","student_housing","1","2022-11-18","1017","35","$5,455.98",,"$5,455.98",,,,"fy23"
"2512030535","Hawaiian Studies","2645 DOLE ST","uhm_admin","1","2022-11-18","445","32","$2,388.60",,"$2,388.60",,,,"fy23"
"3196583104","ACM (will be torn down soon)","2340 DOLE ST","uhm_admin","1","2022-11-17","0","32","$86.90",,"$86.90",,,,"fy23"
"8821362865","Waialae Gate","2800 KALELE RD","uhm_admin","1","2022-11-18","0","32","$43.45",,"$43.45",,,,"fy23"
"3436873877","Keller Hall","2565 THE MALL","uhm_admin","1","2022-11-18","309","32","$1,681.98",,"$1,681.98",,,,"fy23"
"8895599400","LC1 LC4 Temp Building","1490 UNIVERSITY AVE","uhm_admin","1","2022-11-18","25","32","$175.20",,"$175.20",,,,"fy23"
"3552088266","Magoon","2719 WOODLAWN DR","uhm_admin","1","2022-11-18","0","32","$28.44",,"$28.44",,,,"fy23"
"3660930616","Bachman Area","1635 UNIVERSITY AVE","uhm_admin","1","2022-11-18","44","32","$275.33",,"$275.33",,,,"fy23"
"311848343","Institute for Astronomy ","2680 WOODLAWN DR","uhm_admin","1","2022-11-18","141","32","$786.52",,"$786.52",,,,"fy23"
"5753055064","College of Ed Metcalf","2329 METCALF ST","uhm_admin","1","2022-11-17","13","32","$122.06",,"$122.06",,,,"fy23"
"5867595493","Makai Campus","1590 UNIVERSITY AVE","uhm_admin","1","2022-11-21","1","33","$107.19",,"$107.19",,,,"fy23"
"5999861532","Campus Center","2505 CAMPUS RD","uhm_admin","1","2022-11-18","0","32","$43.45",,"$43.45",,,,"fy23"
"6073360529","Law School","2505 DOLE ST","uhm_admin","1","2022-11-18","37","32","$238.44",,"$238.44",,,,"fy23"
"9574993565","Sinclair Library ","2405 CAMPUS RD","uhm_admin","1","2022-11-18","792","32","$4,217.29",,"$4,217.29",,,,"fy23"
"6395697372","Parking structure ","2525 DOLE ST","uhm_admin","1","2022-11-21","2250","33","$11,953.89",,"$11,953.89",,,,"fy23"
"6423941420","EW Dole","2566 DOLE ST","uhm_admin","1","2022-11-18","9574","32","$50,551.37",,"$50,551.37",,,,"fy23"
"6588641878","Castle Memorial Building","1776 UNIVERSITY AVE","uhm_admin","1","2022-11-17","0","32","$96.39",,"$96.39",,,,"fy23"
"6866598284","Music Dept ph1","2421 DOLE ST","uhm_admin","1","2022-11-18","145","32","$866.07",,"$866.07",,,,"fy23"
"7090938420","Bachman Hall","2444 DOLE ST","uhm_admin","1","2022-11-18","0","32","$28.44",,"$28.44",,,,"fy23"
"9327860114","Bachman","2446 DOLE ST","uhm_admin","1","2022-11-18","0","32","$52.94",,"$52.94",,,,"fy23"
"7308357431","Magoon","2727 WOODLAWN DR","uhm_admin","1","2022-11-18","8","32","$59.57",,"$59.57",,,,"fy23"
"7923743424","Johnson Hall","2555 DOLE ST","student_housing","1","2022-12-17","365","29","$1,977.10",,"$1,977.10",,,,"fy23"
"6423941420","EW Dole","2566 DOLE ST","uhm_admin","1","2022-12-17","8644","29","$45,650.27",,"$45,650.27",,,,"fy23"
"6395697372","Parking structure ","2525 DOLE ST","uhm_admin","1","2022-12-19","1656","28","$8,823.51",,"$8,823.51",,,,"fy23"
"8895599400","LC1 LC4 Temp Building","1490 UNIVERSITY AVE","uhm_admin","1","2022-12-17","25","29","$175.20",,"$175.20",,,,"fy23"
"3552088266","Magoon","2719 WOODLAWN DR","uhm_admin","1","2022-12-17","0","29","$28.44",,"$28.44",,,,"fy23"
"2512030535","Hawaiian Studies","2645 DOLE ST","uhm_admin","1","2022-12-17","394","29","$2,119.83",,"$2,119.83",,,,"fy23"
"1526984921","Frear Hall","2568 DOLE ST","student_housing","1","2022-12-17","688","26","$3,722.15",,"$3,722.15",,,,"fy23"
"2120007870","Magoon","2717 WOODLAWN DR","uhm_admin","1","2022-12-17","283","29","$1,534.86",,"$1,534.86",,,,"fy23"
"9574993565","Sinclair Library ","2405 CAMPUS RD","uhm_admin","1","2022-12-17","576","29","$3,078.97",,"$3,078.97",,,,"fy23"
"311848343","Institute for Astronomy ","2680 WOODLAWN DR","uhm_admin","1","2022-12-17","120","29","$675.85",,"$675.85",,,,"fy23"
"6073360529","Law School","2505 DOLE ST","uhm_admin","1","2022-12-17","26","29","$180.47",,"$180.47",,,,"fy23"
"9149298847","Music Building","1512 UNIVERSITY AVE","uhm_admin","1","2022-12-17","58","29","$349.11",,"$349.11",,,,"fy23"
"7714052806","Hamiliton Library ","2444 DOLE ST","uhm_admin","1","2022-12-19","1004","28","$5,387.47",,"$5,387.47",,,,"fy23"
"7418239794","Dole St. Parking Structure","2645 DOLE ST","uhm_admin","1","2022-12-17","0","29","$15.28",,"$15.28",,,,"fy23"
"3660930616","Bachman Area","1635 UNIVERSITY AVE","uhm_admin","1","2022-12-17","52","29","$317.49",,"$317.49",,,,"fy23"
"9045013999","Bilger Hall","2545 THE MALL","uhm_admin","1","2022-12-17","0","29","$53.55",,"$53.55",,,,"fy23"
"828232769","UHM PRI","2500 DOLE ST","uhm_admin","1","2022-12-17","114","29","$644.23",,"$644.23",,,,"fy23"
"1015515136","Bachman Hall"," 2444 Dole St","uhm_admin","1","2022-12-17","18","29","$138.31",,"$138.31",,,,"fy23"
"7540143529","Hale Anuenue","2741 VARSITY PL","student_housing","0","2022-12-17","6","29","$85.17",,"$85.17",,,,"fy23"
"3196583104","ACM (will be torn down soon)","2340 DOLE ST","uhm_admin","1","2022-12-16","0","29","$86.90",,"$86.90",,,,"fy23"
"4510777068","Hemenway Area","2415 CAMPUS RD","uhm_admin","1","2022-12-17","95","26","$518.06",,"$518.06",,,,"fy23"
"5867595493","Makai Campus","1590 UNIVERSITY AVE","uhm_admin","1","2022-12-19","0","28","$101.92",,"$101.92",,,,"fy23"
"3436873877","Keller Hall","2565 THE MALL","uhm_admin","1","2022-12-17","281","29","$1,534.42",,"$1,534.42",,,,"fy23"
"7308357431","Magoon","2727 WOODLAWN DR","uhm_admin","1","2022-12-17","4","29","$38.49",,"$38.49",,,,"fy23"
"9282831505","East West 12 Main","2444 DOLE ST","uhm_admin","1","2022-12-17","4990","29","$26,850.86",,"$26,850.86",,,,"fy23"
"702227448","College Hill","2234 KAMEHAMEHA AVE","uhm_admin","1","2022-12-16","707","29","$6,342.80",,"$6,342.80",,,,"fy23"
"9327860114","Bachman","2446 DOLE ST","uhm_admin","1","2022-12-17","0","29","$52.94",,"$52.94",,,,"fy23"
"34775567","Stan Sheriff Center","2421 DOLE ST","uhm_admin","1","2022-12-19","738","28","$3,985.65",,"$3,985.65",,,,"fy23"
"7090938420","Bachman Hall","2444 DOLE ST","uhm_admin","1","2022-12-17","0","29","$28.44",,"$28.44",,,,"fy23"
"1351227019","Law School bill but it  serves Building 171F, Makai Portables, and the Air Force & Army ROTC Bldgs","2750 VARSITY PL","uhm_admin","1","2022-12-17","46","29","$285.87",,"$285.87",,,,"fy23"
"6866598284","Music Dept ph1","2421 DOLE ST","uhm_admin","1","2022-12-17","128","29","$776.48",,"$776.48",,,,"fy23"
"1970024388","Hawaii Hall AFS","2444 DOLE ST","uhm_admin","1","2022-12-17","0","26","$7.99",,"$7.99",,,,"fy23"
"8821362865","Waialae Gate","2800 KALELE RD","uhm_admin","1","2022-12-17","0","29","$43.45",,"$43.45",,,,"fy23"
"9106985821","College of Education","1726 UNIVERSITY AVE","uhm_admin","1","2022-12-16","420","29","$2,315.32",,"$2,315.32",,,,"fy23"
"5999861532","Campus Center","2505 CAMPUS RD","uhm_admin","1","2022-12-17","0","29","$43.45",,"$43.45",,,,"fy23"
"5753055064","College of Ed Metcalf","2329 METCALF ST","uhm_admin","1","2022-12-16","8","29","$95.71",,"$95.71",,,,"fy23"
"6588641878","Castle Memorial Building","1776 UNIVERSITY AVE","uhm_admin","1","2022-12-16","0","29","$96.39",,"$96.39",,,,"fy23"
"2075731490","Hawaii Quad","2560 CAMPUS RD","uhm_admin","1","2022-12-17","458","29","$2,515.58",,"$2,515.58",,,,"fy23"
"8895599400","LC1 LC4 Temp Building","1490 UNIVERSITY AVE","uhm_admin","1","2023-1-17","27","31","$185.74",,"$185.74",,,,"fy23"
"702227448","College Hill","2234 KAMEHAMEHA AVE","uhm_admin","1","2023-1-15","1034","30","$9,367.55",,"$9,367.55",,,,"fy23"
"3436873877","Keller Hall","2565 THE MALL","uhm_admin","1","2023-1-17","253","31","$1,386.86",,"$1,386.86",,,,"fy23"
"5753055064","College of Ed Metcalf","2329 METCALF ST","uhm_admin","1","2023-1-15","6","30","$85.17",,"$85.17",,,,"fy23"
"311848343","Institute for Astronomy ","2680 WOODLAWN DR","uhm_admin","1","2023-1-17","105","31","$596.80",,"$596.80",,,,"fy23"
"3196583104","ACM (will be torn down soon)","2340 DOLE ST","uhm_admin","1","2023-1-15","0","30","$86.90",,"$86.90",,,,"fy23"
"9106985821","College of Education","1726 UNIVERSITY AVE","uhm_admin","1","2023-1-15","299","30","$1,677.65",,"$1,677.65",,,,"fy23"
"5867595493","Makai Campus","1590 UNIVERSITY AVE","uhm_admin","1","2023-1-20","0","32","$101.92",,"$101.92",,,,"fy23"
"2512030535","Hawaiian Studies","2645 DOLE ST","uhm_admin","1","2023-1-17","395","31","$2,125.10",,"$2,125.10",,,,"fy23"
"5999861532","Campus Center","2505 CAMPUS RD","uhm_admin","1","2023-1-17","0","31","$43.45",,"$43.45",,,,"fy23"
"9574993565","Sinclair Library ","2405 CAMPUS RD","uhm_admin","1","2023-1-17","334","31","$1,803.63",,"$1,803.63",,,,"fy23"
"6073360529","Law School","2505 DOLE ST","uhm_admin","1","2023-1-17","11","31","$101.42",,"$101.42",,,,"fy23"
"9045013999","Bilger Hall","2545 THE MALL","uhm_admin","1","2023-1-17","0","31","$53.55",,"$53.55",,,,"fy23"
"2120007870","Magoon","2717 WOODLAWN DR","uhm_admin","1","2023-1-17","384","31","$2,067.13",,"$2,067.13",,,,"fy23"
"6395697372","Parking structure ","2525 DOLE ST","uhm_admin","1","2023-1-20","1923","32","$10,230.60",,"$10,230.60",,,,"fy23"
"1526984921","Frear Hall","2568 DOLE ST","student_housing","1","2023-1-17","532","31","$2,900.03",,"$2,900.03",,,,"fy23"
"2075731490","Hawaii Quad","2560 CAMPUS RD","uhm_admin","1","2023-1-17","454","31","$2,494.50",,"$2,494.50",,,,"fy23"
"6423941420","EW Dole","2566 DOLE ST","uhm_admin","1","2023-1-17","7453","31","$39,373.70",,"$39,373.70",,,,"fy23"
"6588641878","Castle Memorial Building","1776 UNIVERSITY AVE","uhm_admin","1","2023-1-15","0","30","$96.39",,"$96.39",,,,"fy23"
"1970024388","Hawaii Hall AFS","2444 DOLE ST","uhm_admin","1","2023-1-17","0","31","$7.99",,"$7.99",,,,"fy23"
"34775567","Stan Sheriff Center","2421 DOLE ST","uhm_admin","1","2023-1-20","952","32","$5,113.43",,"$5,113.43",,,,"fy23"
"6866598284","Music Dept ph1","2421 DOLE ST","uhm_admin","1","2023-1-17","113","31","$697.43",,"$697.43",,,,"fy23"
"9327860114","Bachman","2446 DOLE ST","uhm_admin","1","2023-1-17","0","31","$52.94",,"$52.94",,,,"fy23"
"1351227019","Law School bill but it  serves Building 171F, Makai Portables, and the Air Force & Army ROTC Bldgs","2750 VARSITY PL","uhm_admin","1","2023-1-17","39","31","$248.98",,"$248.98",,,,"fy23"
"7090938420","Bachman Hall","2444 DOLE ST","uhm_admin","1","2023-1-17","0","31","$28.44",,"$28.44",,,,"fy23"
"1015515136","Bachman Hall"," 2444 Dole St","uhm_admin","1","2023-1-17","18","31","$138.31",,"$138.31",,,,"fy23"
"7308357431","Magoon","2727 WOODLAWN DR","uhm_admin","1","2023-1-17","7","31","$54.30",,"$54.30",,,,"fy23"
"828232769","UHM PRI","2500 DOLE ST","uhm_admin","1","2023-1-17","115","31","$649.50",,"$649.50",,,,"fy23"
"7418239794","Dole St. Parking Structure","2645 DOLE ST","uhm_admin","1","2023-1-17","0","31","$15.28",,"$15.28",,,,"fy23"
"7923743424","Johnson Hall","2555 DOLE ST","student_housing","1","2023-1-17","331","31","$1,797.92",,"$1,797.92",,,,"fy23"
"7714052806","Hamiliton Library ","2444 DOLE ST","uhm_admin","1","2023-1-20","1065","32","$5,708.94",,"$5,708.94",,,,"fy23"
"9149298847","Music Building","1512 UNIVERSITY AVE","uhm_admin","1","2023-1-17","20","31","$148.85",,"$148.85",,,,"fy23"
"8821362865","Waialae Gate","2800 KALELE RD","uhm_admin","1","2023-1-17","0","31","$43.45",,"$43.45",,,,"fy23"
"7540143529","Hale Anuenue","2741 VARSITY PL","student_housing","0","2023-1-17","8","31","$95.71",,"$95.71",,,,"fy23"
"3660930616","Bachman Area","1635 UNIVERSITY AVE","uhm_admin","1","2023-1-17","55","31","$333.30",,"$333.30",,,,"fy23"
"3552088266","Magoon","2719 WOODLAWN DR","uhm_admin","1","2023-1-17","0","31","$28.44",,"$28.44",,,,"fy23"
"9282831505","East West 12 Main","2444 DOLE ST","uhm_admin","1","2023-1-17","4910","31","$26,429.26",,"$26,429.26",,,,"fy23"
"4510777068","Hemenway Area","2415 CAMPUS RD","uhm_admin","1","2023-1-17","154","31","$828.99",,"$828.99",,,,"fy23"
"1526984921","Frear Hall","2568 DOLE ST","student_housing","1","2023-2-17","906","31","$4,871.01",,"$4,871.01",,,,"fy23"
"4510777068","Hemenway Area","2415 CAMPUS RD","uhm_admin","1","2023-2-17","57","31","$317.80",,"$317.80",,,,"fy23"
"9149298847","Music Building","1512 UNIVERSITY AVE","uhm_admin","1","2023-2-17","52","31","$317.49",,"$317.49",,,,"fy23"
"7923743424","Johnson Hall","2555 DOLE ST","student_housing","1","2023-2-17","445","31","$2,398.70",,"$2,398.70",,,,"fy23"
"9106985821","College of Education","1726 UNIVERSITY AVE","uhm_admin","1","2023-2-16","348","32","$1,935.88",,"$1,935.88",,,,"fy23"
"7714052806","Hamiliton Library ","2444 DOLE ST","uhm_admin","1","2023-2-21","1149","32","$6,151.62",,"$6,151.62",,,,"fy23"
"7540143529","Hale Anuenue","2741 VARSITY PL","student_housing","0","2023-2-17","6","31","$85.17",,"$85.17",,,,"fy23"
"9327860114","Bachman","2446 DOLE ST","uhm_admin","1","2023-2-17","0","31","$52.94",,"$52.94",,,,"fy23"
"5753055064","College of Ed Metcalf","2329 METCALF ST","uhm_admin","1","2023-2-16","9","32","$100.98",,"$100.98",,,,"fy23"
"702227448","College Hill","2234 KAMEHAMEHA AVE","uhm_admin","1","2023-2-16","521","32","$4,622.30",,"$4,622.30",,,,"fy23"
"3660930616","Bachman Area","1635 UNIVERSITY AVE","uhm_admin","1","2023-2-17","121","31","$681.12",,"$681.12",,,,"fy23"
"6073360529","Law School","2505 DOLE ST","uhm_admin","1","2023-2-21","48","35","$296.41",,"$296.41",,,,"fy23"
"1351227019","Law School bill but it  serves Building 171F, Makai Portables, and the Air Force & Army ROTC Bldgs","2750 VARSITY PL","uhm_admin","1","2023-2-17","58","31","$349.11",,"$349.11",,,,"fy23"
"2120007870","Magoon","2717 WOODLAWN DR","uhm_admin","1","2023-2-17","230","31","$1,255.55",,"$1,255.55",,,,"fy23"
"5999861532","Campus Center","2505 CAMPUS RD","uhm_admin","1","2023-2-17","0","31","$43.45",,"$43.45",,,,"fy23"
"6588641878","Castle Memorial Building","1776 UNIVERSITY AVE","uhm_admin","1","2023-2-16","0","32","$96.39",,"$96.39",,,,"fy23"
"9574993565","Sinclair Library ","2405 CAMPUS RD","uhm_admin","1","2023-2-17","444","31","$2,383.33",,"$2,383.33",,,,"fy23"
"6395697372","Parking structure ","2525 DOLE ST","uhm_admin","1","2023-2-21","1910","32","$10,162.09",,"$10,162.09",,,,"fy23"
"8821362865","Waialae Gate","2800 KALELE RD","uhm_admin","1","2023-2-17","0","31","$43.45",,"$43.45",,,,"fy23"
"6866598284","Music Dept ph1","2421 DOLE ST","uhm_admin","1","2023-2-14","121","28","$739.59",,"$739.59",,,,"fy23"
"2075731490","Hawaii Quad","2560 CAMPUS RD","uhm_admin","1","2023-2-17","390","31","$2,157.22",,"$2,157.22",,,,"fy23"
"3436873877","Keller Hall","2565 THE MALL","uhm_admin","1","2023-2-17","226","31","$1,244.57",,"$1,244.57",,,,"fy23"
"34775567","Stan Sheriff Center","2421 DOLE ST","uhm_admin","1","2023-2-21","857","32","$4,612.78",,"$4,612.78",,,,"fy23"
"6423941420","EW Dole","2566 DOLE ST","uhm_admin","1","2023-2-17","8649","31","$45,676.62",,"$45,676.62",,,,"fy23"
"7090938420","Bachman Hall","2444 DOLE ST","uhm_admin","1","2023-2-17","0","31","$28.44",,"$28.44",,,,"fy23"
"311848343","Institute for Astronomy ","2680 WOODLAWN DR","uhm_admin","1","2023-2-17","126","31","$707.47",,"$707.47",,,,"fy23"
"1970024388","Hawaii Hall AFS","2444 DOLE ST","uhm_admin","1","2023-2-17","0","31","$7.99",,"$7.99",,,,"fy23"
"1015515136","Bachman Hall"," 2444 Dole St","uhm_admin","1","2023-2-17","21","31","$154.12",,"$154.12",,,,"fy23"
"9045013999","Bilger Hall","2545 THE MALL","uhm_admin","1","2023-2-17","0","31","$53.55",,"$53.55",,,,"fy23"
"5867595493","Makai Campus","1590 UNIVERSITY AVE","uhm_admin","1","2023-2-21","0","32","$101.92",,"$101.92",,,,"fy23"
"9282831505","East West 12 Main","2444 DOLE ST","uhm_admin","1","2023-2-17","5375","31","$28,879.81",,"$28,879.81",,,,"fy23"
"7308357431","Magoon","2727 WOODLAWN DR","uhm_admin","1","2023-2-17","5","31","$43.76",,"$43.76",,,,"fy23"
"3196583104","ACM (will be torn down soon)","2340 DOLE ST","uhm_admin","1","2023-2-16","0","32","$86.90",,"$86.90",,,,"fy23"
"2512030535","Hawaiian Studies","2645 DOLE ST","uhm_admin","1","2023-2-17","405","31","$2,177.80",,"$2,177.80",,,,"fy23"
"828232769","UHM PRI","2500 DOLE ST","uhm_admin","1","2023-2-17","110","31","$623.15",,"$623.15",,,,"fy23"
"3552088266","Magoon","2719 WOODLAWN DR","uhm_admin","1","2023-2-17","0","31","$28.44",,"$28.44",,,,"fy23"
"7418239794","Dole St. Parking Structure","2645 DOLE ST","uhm_admin","1","2023-2-17","1","31","$20.55",,"$20.55",,,,"fy23"
"8895599400","LC1 LC4 Temp Building","1490 UNIVERSITY AVE","uhm_admin","1","2023-2-17","25","31","$175.20",,"$175.20",,,,"fy23"
"5753055064","College of Ed Metcalf","2329 METCALF ST","uhm_admin","1","2023-3-18","8","30","$95.71",,"$95.71",,,,"fy23"
"7090938420","Bachman Hall","2444 DOLE ST","uhm_admin","1","2023-3-19","0","30","$28.44",,"$28.44",,,,"fy23"
"7714052806","Hamiliton Library ","2444 DOLE ST","uhm_admin","1","2023-3-21","915","28","$4,918.44",,"$4,918.44",,,,"fy23"
"5999861532","Campus Center","2505 CAMPUS RD","uhm_admin","1","2023-3-19","0","30","$43.45",,"$43.45",,,,"fy23"
"7923743424","Johnson Hall","2555 DOLE ST","student_housing","1","2023-3-19","455","30","$2,451.40",,"$2,451.40",,,,"fy23"
"1526984921","Frear Hall","2568 DOLE ST","student_housing","1","2023-3-19","849","30","$4,570.62",,"$4,570.62",,,,"fy23"
"9282831505","East West 12 Main","2444 DOLE ST","uhm_admin","1","2023-3-19","5250","30","$28,221.06",,"$28,221.06",,,,"fy23"
"3552088266","Magoon","2719 WOODLAWN DR","uhm_admin","1","2023-3-19","0","30","$28.44",,"$28.44",,,,"fy23"
"9327860114","Bachman","2446 DOLE ST","uhm_admin","1","2023-3-19","0","30","$52.94",,"$52.94",,,,"fy23"
"3436873877","Keller Hall","2565 THE MALL","uhm_admin","1","2023-3-19","243","30","$1,334.16",,"$1,334.16",,,,"fy23"
"9106985821","College of Education","1726 UNIVERSITY AVE","uhm_admin","1","2023-3-18","392","30","$2,167.76",,"$2,167.76",,,,"fy23"
"1015515136","Bachman Hall"," 2444 Dole St","uhm_admin","1","2023-3-19","23","30","$164.66",,"$164.66",,,,"fy23"
"6073360529","Law School","2505 DOLE ST","uhm_admin","1","2023-3-21","28","28","$191.01",,"$191.01",,,,"fy23"
"1351227019","Law School bill but it  serves Building 171F, Makai Portables, and the Air Force & Army ROTC Bldgs","2750 VARSITY PL","uhm_admin","1","2023-3-19","47","30","$291.14",,"$291.14",,,,"fy23"
"8895599400","LC1 LC4 Temp Building","1490 UNIVERSITY AVE","uhm_admin","1","2023-3-19","29","30","$196.28",,"$196.28",,,,"fy23"
"2120007870","Magoon","2717 WOODLAWN DR","uhm_admin","1","2023-3-19","225","30","$1,229.20",,"$1,229.20",,,,"fy23"
"9045013999","Bilger Hall","2545 THE MALL","uhm_admin","1","2023-3-19","1","30","$58.82",,"$58.82",,,,"fy23"
"5867595493","Makai Campus","1590 UNIVERSITY AVE","uhm_admin","1","2023-3-21","0","28","$101.92",,"$101.92",,,,"fy23"
"3660930616","Bachman Area","1635 UNIVERSITY AVE","uhm_admin","1","2023-3-19","93","30","$533.56",,"$533.56",,,,"fy23"
"2512030535","Hawaiian Studies","2645 DOLE ST","uhm_admin","1","2023-3-19","386","30","$2,077.67",,"$2,077.67",,,,"fy23"
"6866598284","Music Dept ph1","2421 DOLE ST","uhm_admin","1","2023-3-19","67","33","$455.01",,"$455.01",,,,"fy23"
"702227448","College Hill","2234 KAMEHAMEHA AVE","uhm_admin","1","2023-3-18","240","30","$2,023.05",,"$2,023.05",,,,"fy23"
"311848343","Institute for Astronomy ","2680 WOODLAWN DR","uhm_admin","1","2023-3-19","141","30","$786.52",,"$786.52",,,,"fy23"
"4510777068","Hemenway Area","2415 CAMPUS RD","uhm_admin","1","2023-3-19","45","30","$254.56",,"$254.56",,,,"fy23"
"7418239794","Dole St. Parking Structure","2645 DOLE ST","uhm_admin","1","2023-3-19","1","30","$20.55",,"$20.55",,,,"fy23"
"6395697372","Parking structure ","2525 DOLE ST","uhm_admin","1","2023-3-21","1509","28","$8,048.82",,"$8,048.82",,,,"fy23"
"6588641878","Castle Memorial Building","1776 UNIVERSITY AVE","uhm_admin","1","2023-3-18","4","30","$117.47",,"$117.47",,,,"fy23"
"7308357431","Magoon","2727 WOODLAWN DR","uhm_admin","1","2023-3-19","4","30","$38.49",,"$38.49",,,,"fy23"
"34775567","Stan Sheriff Center","2421 DOLE ST","uhm_admin","1","2023-3-21","821","28","$4,423.06",,"$4,423.06",,,,"fy23"
"9574993565","Sinclair Library ","2405 CAMPUS RD","uhm_admin","1","2023-3-19","437","30","$2,346.44",,"$2,346.44",,,,"fy23"
"1970024388","Hawaii Hall AFS","2444 DOLE ST","uhm_admin","1","2023-3-19","0","30","$7.99",,"$7.99",,,,"fy23"
"2075731490","Hawaii Quad","2560 CAMPUS RD","uhm_admin","1","2023-3-19","455","30","$2,499.77",,"$2,499.77",,,,"fy23"
"6423941420","EW Dole","2566 DOLE ST","uhm_admin","1","2023-3-19","8033","30","$42,430.30",,"$42,430.30",,,,"fy23"
"8821362865","Waialae Gate","2800 KALELE RD","uhm_admin","1","2023-3-19","0","30","$43.45",,"$43.45",,,,"fy23"
"3196583104","ACM (will be torn down soon)","2340 DOLE ST","uhm_admin","1","2023-3-18","0","30","$86.90",,"$86.90",,,,"fy23"
"9149298847","Music Building","1512 UNIVERSITY AVE","uhm_admin","1","2023-3-19","45","30","$280.60",,"$280.60",,,,"fy23"
"7540143529","Hale Anuenue","2741 VARSITY PL","student_housing","0","2023-3-19","6","30","$85.17",,"$85.17",,,,"fy23"
"828232769","UHM PRI","2500 DOLE ST","uhm_admin","1","2023-3-19","59","30","$354.38",,"$354.38",,,,"fy23"
"9574993565","Sinclair Library ","2405 CAMPUS RD","uhm_admin","1","2023-4-18","713","30","$3,800.96",,"$3,800.96",,,,"fy23"
"9149298847","Music Building","1512 UNIVERSITY AVE","uhm_admin","1","2023-4-18","75","30","$438.70",,"$438.70",,,,"fy23"
"6423941420","EW Dole","2566 DOLE ST","uhm_admin","1","2023-4-18","9075","30","$47,921.64",,"$47,921.64",,,,"fy23"
"7923743424","Johnson Hall","2555 DOLE ST","student_housing","1","2023-4-18","425","30","$2,293.30",,"$2,293.30",,,,"fy23"
"1526984921","Frear Hall","2568 DOLE ST","student_housing","1","2023-4-18","972","30","$5,218.83",,"$5,218.83",,,,"fy23"
"1970024388","Hawaii Hall AFS","2444 DOLE ST","uhm_admin","1","2023-4-18","0","30","$7.99",,"$7.99",,,,"fy23"
"3552088266","Magoon","2719 WOODLAWN DR","uhm_admin","1","2023-4-18","0","30","$28.44",,"$28.44",,,,"fy23"
"6588641878","Castle Memorial Building","1776 UNIVERSITY AVE","uhm_admin","1","2023-4-16","0","29","$96.39",,"$96.39",,,,"fy23"
"9327860114","Bachman","2446 DOLE ST","uhm_admin","1","2023-4-18","0","30","$52.94",,"$52.94",,,,"fy23"
"8821362865","Waialae Gate","2800 KALELE RD","uhm_admin","1","2023-4-18","0","30","$43.45",,"$43.45",,,,"fy23"
"4510777068","Hemenway Area","2415 CAMPUS RD","uhm_admin","1","2023-4-18","53","30","$296.72",,"$296.72",,,,"fy23"
"6866598284","Music Dept ph1","2421 DOLE ST","uhm_admin","1","2023-4-18","140","30","$839.72",,"$839.72",,,,"fy23"
"1351227019","Law School bill but it  serves Building 171F, Makai Portables, and the Air Force & Army ROTC Bldgs","2750 VARSITY PL","uhm_admin","1","2023-4-18","49","30","$301.68",,"$301.68",,,,"fy23"
"2512030535","Hawaiian Studies","2645 DOLE ST","uhm_admin","1","2023-4-18","420","30","$2,256.85",,"$2,256.85",,,,"fy23"
"8895599400","LC1 LC4 Temp Building","1490 UNIVERSITY AVE","uhm_admin","1","2023-4-18","22","30","$159.39",,"$159.39",,,,"fy23"
"3660930616","Bachman Area","1635 UNIVERSITY AVE","uhm_admin","1","2023-4-18","119","30","$670.58",,"$670.58",,,,"fy23"
"7090938420","Bachman Hall","2444 DOLE ST","uhm_admin","1","2023-4-18","0","30","$28.44",,"$28.44",,,,"fy23"
"5867595493","Makai Campus","1590 UNIVERSITY AVE","uhm_admin","1","2023-4-20","0","30","$101.92",,"$101.92",,,,"fy23"
"1015515136","Bachman Hall"," 2444 Dole St","uhm_admin","1","2023-4-18","50","30","$306.95",,"$306.95",,,,"fy23"
"7308357431","Magoon","2727 WOODLAWN DR","uhm_admin","1","2023-4-18","5","30","$43.76",,"$43.76",,,,"fy23"
"828232769","UHM PRI","2500 DOLE ST","uhm_admin","1","2023-4-18","48","30","$296.41",,"$296.41",,,,"fy23"
"3196583104","ACM (will be torn down soon)","2340 DOLE ST","uhm_admin","1","2023-4-16","0","29","$86.90",,"$86.90",,,,"fy23"
"7540143529","Hale Anuenue","2741 VARSITY PL","student_housing","0","2023-4-18","8","30","$95.71",,"$95.71",,,,"fy23"
"5753055064","College of Ed Metcalf","2329 METCALF ST","uhm_admin","1","2023-4-16","7","29","$90.44",,"$90.44",,,,"fy23"
"7418239794","Dole St. Parking Structure","2645 DOLE ST","uhm_admin","1","2023-4-18","1","30","$20.55",,"$20.55",,,,"fy23"
"702227448","College Hill","2234 KAMEHAMEHA AVE","uhm_admin","1","2023-4-16","237","29","$1,995.30",,"$1,995.30",,,,"fy23"
"9045013999","Bilger Hall","2545 THE MALL","uhm_admin","1","2023-4-18","0","30","$53.55",,"$53.55",,,,"fy23"
"3436873877","Keller Hall","2565 THE MALL","uhm_admin","1","2023-4-18","280","30","$1,529.15",,"$1,529.15",,,,"fy23"
"7714052806","Hamiliton Library ","2444 DOLE ST","uhm_admin","1","2023-4-20","937","30","$5,034.38",,"$5,034.38",,,,"fy23"
"9282831505","East West 12 Main","2444 DOLE ST","uhm_admin","1","2023-4-18","6290","30","$33,701.86",,"$33,701.86",,,,"fy23"
"9106985821","College of Education","1726 UNIVERSITY AVE","uhm_admin","1","2023-4-16","428","29","$2,357.48",,"$2,357.48",,,,"fy23"
"6073360529","Law School","2505 DOLE ST","uhm_admin","1","2023-4-20","33","30","$217.36",,"$217.36",,,,"fy23"
"311848343","Institute for Astronomy ","2680 WOODLAWN DR","uhm_admin","1","2023-4-18","153","30","$849.76",,"$849.76",,,,"fy23"
"2120007870","Magoon","2717 WOODLAWN DR","uhm_admin","1","2023-4-18","254","30","$1,382.03",,"$1,382.03",,,,"fy23"
"34775567","Stan Sheriff Center","2421 DOLE ST","uhm_admin","1","2023-4-20","813","30","$4,380.90",,"$4,380.90",,,,"fy23"
"6395697372","Parking structure ","2525 DOLE ST","uhm_admin","1","2023-4-20","1669","30","$8,892.02",,"$8,892.02",,,,"fy23"
"2075731490","Hawaii Quad","2560 CAMPUS RD","uhm_admin","1","2023-4-18","1219","30","$6,526.05",,"$6,526.05",,,,"fy23"
"5999861532","Campus Center","2505 CAMPUS RD","uhm_admin","1","2023-4-18","0","30","$43.45",,"$43.45",,,,"fy23"
"9106985821","College of Education","1726 UNIVERSITY AVE","uhm_admin","1","2023-5-16","691","30","$3,743.49",,"$3,743.49",,,,"fy23"
"9327860114","Bachman","2446 DOLE ST","uhm_admin","1","2023-5-18","0","30","$52.94",,"$52.94",,,,"fy23"
"7540143529","Hale Anuenue","2741 VARSITY PL","student_housing","0","2023-5-18","6","30","$85.17",,"$85.17",,,,"fy23"
"7923743424","Johnson Hall","2555 DOLE ST","student_housing","1","2023-5-18","246","30","$1,349.97",,"$1,349.97",,,,"fy23"
"9149298847","Music Building","1512 UNIVERSITY AVE","uhm_admin","1","2023-5-18","26","30","$180.47",,"$180.47",,,,"fy23"
"7418239794","Dole St. Parking Structure","2645 DOLE ST","uhm_admin","1","2023-5-18","0","30","$15.28",,"$15.28",,,,"fy23"
"34775567","Stan Sheriff Center","2421 DOLE ST","uhm_admin","1","2023-5-19","795","29","$4,286.04",,"$4,286.04",,,,"fy23"
"311848343","Institute for Astronomy ","2680 WOODLAWN DR","uhm_admin","1","2023-5-19","155","31","$860.30",,"$860.30",,,,"fy23"
"702227448","College Hill","2234 KAMEHAMEHA AVE","uhm_admin","1","2023-5-16","247","30","$2,087.80",,"$2,087.80",,,,"fy23"
"828232769","UHM PRI","2500 DOLE ST","uhm_admin","1","2023-5-18","71","30","$417.62",,"$417.62",,,,"fy23"
"1015515136","Bachman Hall"," 2444 Dole St","uhm_admin","1","2023-5-18","34","30","$222.63",,"$222.63",,,,"fy23"
"1351227019","Law School bill but it  serves Building 171F, Makai Portables, and the Air Force & Army ROTC Bldgs","2750 VARSITY PL","uhm_admin","1","2023-5-18","39","30","$248.98",,"$248.98",,,,"fy23"
"1970024388","Hawaii Hall AFS","2444 DOLE ST","uhm_admin","1","2023-5-18","0","30","$7.99",,"$7.99",,,,"fy23"
"2075731490","Hawaii Quad","2560 CAMPUS RD","uhm_admin","1","2023-5-18","1227","30","$6,568.21",,"$6,568.21",,,,"fy23"
"2120007870","Magoon","2717 WOODLAWN DR","uhm_admin","1","2023-5-18","271","30","$1,471.62",,"$1,471.62",,,,"fy23"
"2512030535","Hawaiian Studies","2645 DOLE ST","uhm_admin","1","2023-5-18","400","30","$2,151.45",,"$2,151.45",,,,"fy23"
"3196583104","ACM (will be torn down soon)","2340 DOLE ST","uhm_admin","1","2023-5-16","0","30","$86.90",,"$86.90",,,,"fy23"
"3436873877","Keller Hall","2565 THE MALL","uhm_admin","1","2023-5-18","244","30","$1,339.43",,"$1,339.43",,,,"fy23"
"9282831505","East West 12 Main","2444 DOLE ST","uhm_admin","1","2023-5-18","6335","30","$33,939.01",,"$33,939.01",,,,"fy23"
"3552088266","Magoon","2719 WOODLAWN DR","uhm_admin","1","2023-5-18","0","30","$28.44",,"$28.44",,,,"fy23"
"3660930616","Bachman Area","1635 UNIVERSITY AVE","uhm_admin","1","2023-5-18","177","30","$976.24",,"$976.24",,,,"fy23"
"9574993565","Sinclair Library ","2405 CAMPUS RD","uhm_admin","1","2023-5-18","546","30","$2,920.87",,"$2,920.87",,,,"fy23"
"1526984921","Frear Hall","2568 DOLE ST","student_housing","1","2023-5-18","905","30","$4,865.74",,"$4,865.74",,,,"fy23"
"4510777068","Hemenway Area","2415 CAMPUS RD","uhm_admin","1","2023-5-18","49","30","$275.64",,"$275.64",,,,"fy23"
"5753055064","College of Ed Metcalf","2329 METCALF ST","uhm_admin","1","2023-5-16","58","30","$359.21",,"$359.21",,,,"fy23"
"5867595493","Makai Campus","1590 UNIVERSITY AVE","uhm_admin","1","2023-5-19","1","29","$107.19",,"$107.19",,,,"fy23"
"5999861532","Campus Center","2505 CAMPUS RD","uhm_admin","1","2023-5-18","0","30","$43.45",,"$43.45",,,,"fy23"
"6073360529","Law School","2505 DOLE ST","uhm_admin","1","2023-5-18","24","28","$169.93",,"$169.93",,,,"fy23"
"6395697372","Parking structure ","2525 DOLE ST","uhm_admin","1","2023-5-19","2111","29","$11,221.36",,"$11,221.36",,,,"fy23"
"6423941420","EW Dole","2566 DOLE ST","uhm_admin","1","2023-5-18","8680","30","$45,839.99",,"$45,839.99",,,,"fy23"
"6588641878","Castle Memorial Building","1776 UNIVERSITY AVE","uhm_admin","1","2023-5-16","0","30","$96.39",,"$96.39",,,,"fy23"
"6866598284","Music Dept ph1","2421 DOLE ST","uhm_admin","1","2023-5-18","263","30","$1,487.93",,"$1,487.93",,,,"fy23"
"7090938420","Bachman Hall","2444 DOLE ST","uhm_admin","1","2023-5-18","0","30","$28.44",,"$28.44",,,,"fy23"
"7308357431","Magoon","2727 WOODLAWN DR","uhm_admin","1","2023-5-18","7","30","$54.30",,"$54.30",,,,"fy23"
"7714052806","Hamiliton Library ","2444 DOLE ST","uhm_admin","1","2023-5-19","925","29","$4,971.14",,"$4,971.14",,,,"fy23"
"8821362865","Waialae Gate","2800 KALELE RD","uhm_admin","1","2023-5-18","0","30","$43.45",,"$43.45",,,,"fy23"
"8895599400","LC1 LC4 Temp Building","1490 UNIVERSITY AVE","uhm_admin","1","2023-5-18","23","30","$164.66",,"$164.66",,,,"fy23"
"9045013999","Bilger Hall","2545 THE MALL","uhm_admin","1","2023-5-18","0","30","$53.55",,"$53.55",,,,"fy23"
"2512030535","Hawaiian Studies","2645 DOLE ST","uhm_admin","1","2023-6-17","391","30","$2,104.02",,"$2,104.02",,,,"fy23"
"8821362865","Waialae Gate","2800 KALELE RD","uhm_admin","1","2023-6-17","0","30","$43.45",,"$43.45",,,,"fy23"
"4510777068","Hemenway Area","2415 CAMPUS RD","uhm_admin","1","2023-6-17","39","30","$222.94",,"$222.94",,,,"fy23"
"7090938420","Bachman Hall","2444 DOLE ST","uhm_admin","1","2023-6-17","0","30","$28.44",,"$28.44",,,,"fy23"
"3660930616","Bachman Area","1635 UNIVERSITY AVE","uhm_admin","1","2023-6-17","122","30","$686.39",,"$686.39",,,,"fy23"
"7418239794","Dole St. Parking Structure","2645 DOLE ST","uhm_admin","1","2023-6-17","0","30","$15.28",,"$15.28",,,,"fy23"
"3552088266","Magoon","2719 WOODLAWN DR","uhm_admin","1","2023-6-17","0","30","$28.44",,"$28.44",,,,"fy23"
"6866598284","Music Dept ph1","2421 DOLE ST","uhm_admin","1","2023-6-17","94","30","$597.30",,"$597.30",,,,"fy23"
"3436873877","Keller Hall","2565 THE MALL","uhm_admin","1","2023-6-17","220","30","$1,212.95",,"$1,212.95",,,,"fy23"
"9282831505","East West 12 Main","2444 DOLE ST","uhm_admin","1","2023-6-17","5640","30","$30,276.36",,"$30,276.36",,,,"fy23"
"1351227019","Law School bill but it  serves Building 171F, Makai Portables, and the Air Force & Army ROTC Bldgs","2750 VARSITY PL","uhm_admin","1","2023-6-17","38","30","$243.71",,"$243.71",,,,"fy23"
"7540143529","Hale Anuenue","2741 VARSITY PL","student_housing","0","2023-6-17","9","30","$100.98",,"$100.98",,,,"fy23"
"6588641878","Castle Memorial Building","1776 UNIVERSITY AVE","uhm_admin","1","2023-6-16","1","31","$101.66",,"$101.66",,,,"fy23"
"1526984921","Frear Hall","2568 DOLE ST","student_housing","1","2023-6-17","657","30","$3,558.78",,"$3,558.78",,,,"fy23"
"1970024388","Hawaii Hall AFS","2444 DOLE ST","uhm_admin","1","2023-6-17","0","30","$7.99",,"$7.99",,,,"fy23"
"2075731490","Hawaii Quad","2560 CAMPUS RD","uhm_admin","1","2023-6-17","1070","30","$5,740.82",,"$5,740.82",,,,"fy23"
"8895599400","LC1 LC4 Temp Building","1490 UNIVERSITY AVE","uhm_admin","1","2023-6-17","23","30","$164.66",,"$164.66",,,,"fy23"
"9045013999","Bilger Hall","2545 THE MALL","uhm_admin","1","2023-6-17","0","30","$53.55",,"$53.55",,,,"fy23"
"9149298847","Music Building","1512 UNIVERSITY AVE","uhm_admin","1","2023-6-17","15","30","$122.50",,"$122.50",,,,"fy23"
"2120007870","Magoon","2717 WOODLAWN DR","uhm_admin","1","2023-6-17","284","30","$1,540.13",,"$1,540.13",,,,"fy23"
"3196583104","ACM (will be torn down soon)","2340 DOLE ST","uhm_admin","1","2023-6-16","0","31","$86.90",,"$86.90",,,,"fy23"
"9327860114","Bachman","2446 DOLE ST","uhm_admin","1","2023-6-17","0","30","$52.94",,"$52.94",,,,"fy23"
"7308357431","Magoon","2727 WOODLAWN DR","uhm_admin","1","2023-6-17","8","30","$59.57",,"$59.57",,,,"fy23"
"7714052806","Hamiliton Library ","2444 DOLE ST","uhm_admin","1","2023-6-20","1749","32","$9,313.62",,"$9,313.62",,,,"fy23"
"6423941420","EW Dole","2566 DOLE ST","uhm_admin","1","2023-6-17","6741","30","$35,621.46",,"$35,621.46",,,,"fy23"
"6395697372","Parking structure ","2525 DOLE ST","uhm_admin","1","2023-6-20","2257","32","$11,990.78",,"$11,990.78",,,,"fy23"
"7923743424","Johnson Hall","2555 DOLE ST","student_housing","1","2023-6-17","232","30","$1,276.19",,"$1,276.19",,,,"fy23"
"6073360529","Law School","2505 DOLE ST","uhm_admin","1","2023-6-17","15","30","$122.50",,"$122.50",,,,"fy23"
"311848343","Institute for Astronomy ","2680 WOODLAWN DR","uhm_admin","1","2023-6-17","151","29","$839.22",,"$839.22",,,,"fy23"
"5999861532","Campus Center","2505 CAMPUS RD","uhm_admin","1","2023-6-17","0","30","$43.45",,"$43.45",,,,"fy23"
"702227448","College Hill","2234 KAMEHAMEHA AVE","uhm_admin","1","2023-6-16","225","31","$1,884.30",,"$1,884.30",,,,"fy23"
"5867595493","Makai Campus","1590 UNIVERSITY AVE","uhm_admin","1","2023-6-20","0","32","$101.92",,"$101.92",,,,"fy23"
"9106985821","College of Education","1726 UNIVERSITY AVE","uhm_admin","1","2023-6-16","595","31","$3,237.57",,"$3,237.57",,,,"fy23"
"9574993565","Sinclair Library ","2405 CAMPUS RD","uhm_admin","1","2023-6-17","359","30","$1,935.38",,"$1,935.38",,,,"fy23"
"828232769","UHM PRI","2500 DOLE ST","uhm_admin","1","2023-6-17","74","30","$433.43",,"$433.43",,,,"fy23"
"1015515136","Bachman Hall"," 2444 Dole St","uhm_admin","1","2023-6-17","14","30","$117.23",,"$117.23",,,,"fy23"
"5753055064","College of Ed Metcalf","2329 METCALF ST","uhm_admin","1","2023-6-16","79","31","$469.88",,"$469.88",,,,"fy23"
"34775567","Stan Sheriff Center","2421 DOLE ST","uhm_admin","1","2023-6-20","774","32","$4,175.37",,"$4,175.37",,,,"fy23"
"9106985821","College of Education","1726 UNIVERSITY AVE","uhm_admin","1","2023-7-16","404","30","$2,231.00","$6,381.14","$2,231.00","$6,381.14",,,"fy24"
"7090938420","Bachman Hall","2444 DOLE ST","uhm_admin","1","2023-7-17","0","30","$28.44","$0.00","$28.44","$0.00",,,"fy24"
"6866598284","Music Dept ph1","2421 DOLE ST","uhm_admin","1","2023-7-17","118","30","$723.78","$1,908.67","$723.78","$1,908.67",,,"fy24"
"6588641878","Castle Memorial Building","1776 UNIVERSITY AVE","uhm_admin","1","2023-7-16","0","30","$96.39","$0.00","$96.39","$0.00",,,"fy24"
"9045013999","Bilger Hall","2545 THE MALL","uhm_admin","1","2023-7-17","0","30","$53.55","$77.55","$53.55","$77.55",,,"fy24"
"9327860114","Bachman","2446 DOLE ST","uhm_admin","1","2023-7-17","0","30","$52.94","$0.00","$52.94","$0.00",,,"fy24"
"6423941420","EW Dole","2566 DOLE ST","uhm_admin","1","2023-7-17","6815","30","$36,011.44","$135,984.16","$36,011.44","$135,984.16",,,"fy24"
"6395697372","Parking structure ","2525 DOLE ST","uhm_admin","1","2023-7-19","2523","29","$13,392.60","$96,509.54","$13,392.60","$96,509.54",,,"fy24"
"6073360529","Law School","2505 DOLE ST","uhm_admin","1","2023-7-19","16","32","$127.77","$447.94","$127.77","$447.94",,,"fy24"
"5999861532","Campus Center","2505 CAMPUS RD","uhm_admin","1","2023-7-17","0","30","$43.45","$1,551.00","$43.45","$1,551.00",,,"fy24"
"5867595493","Makai Campus","1590 UNIVERSITY AVE","uhm_admin","1","2023-7-19","0","29","$101.92","$77.55","$101.92","$77.55",,,"fy24"
"9574993565","Sinclair Library ","2405 CAMPUS RD","uhm_admin","1","2023-7-17","405","30","$2,177.80","$6,075.57","$2,177.80","$6,075.57",,,"fy24"
"5753055064","College of Ed Metcalf","2329 METCALF ST","uhm_admin","1","2023-7-16","38","30","$253.81","$759.30","$253.81","$759.30",,,"fy24"
"4510777068","Hemenway Area","2415 CAMPUS RD","uhm_admin","1","2023-7-17","45","30","$254.56","$2,260.53","$254.56","$2,260.53",,,"fy24"
"3660930616","Bachman Area","1635 UNIVERSITY AVE","uhm_admin","1","2023-7-17","117","30","$660.04","$5,553.52","$660.04","$5,553.52",,,"fy24"
"3552088266","Magoon","2719 WOODLAWN DR","uhm_admin","1","2023-7-17","0","30","$28.44","$0.00","$28.44","$0.00",,,"fy24"
"3196583104","ACM (will be torn down soon)","2340 DOLE ST","uhm_admin","1","2023-7-16","0","30","$86.90","$310.20","$86.90","$310.20",,,"fy24"
"7540143529","Hale Anuenue","2741 VARSITY PL","student_housing","0","2023-7-17","9","30","$100.98",,"$100.98",,,,"fy24"
"9149298847","Music Building","1512 UNIVERSITY AVE","uhm_admin","1","2023-7-17","16","30","$127.77","$447.94","$127.77","$447.94",,,"fy24"
"2512030535","Hawaiian Studies","2645 DOLE ST","uhm_admin","1","2023-7-17","404","30","$2,172.53","$3,821.99","$2,172.53","$3,821.99",,,"fy24"
"2120007870","Magoon","2717 WOODLAWN DR","uhm_admin","1","2023-7-17","272","30","$1,476.89","$3,490.94","$1,476.89","$3,490.94",,,"fy24"
"2075731490","Hawaii Quad","2560 CAMPUS RD","uhm_admin","1","2023-7-17","660","30","$3,580.12","$6,709.89","$3,580.12","$6,709.89",,,"fy24"
"34775567","Stan Sheriff Center","2421 DOLE ST","uhm_admin","1","2023-7-18","160","28","$4,133.21",,"$4,133.21",,,,"fy24"
"1970024388","Hawaii Hall AFS","2444 DOLE ST","uhm_admin","1","2023-7-17","0","30","$7.99",,"$7.99",,,,"fy24"
"1526984921","Frear Hall","2568 DOLE ST","student_housing","1","2023-7-17","582","30","$3,163.53",,"$3,163.53",,,,"fy24"
"8821362865","Waialae Gate","2800 KALELE RD","uhm_admin","1","2023-7-17","0","30","$43.45","$0.00","$43.45","$0.00",,,"fy24"
"1351227019","Law School bill but it  serves Building 171F, Makai Portables, and the Air Force & Army ROTC Bldgs","2750 VARSITY PL","uhm_admin","1","2023-7-17","36","30","$233.17","$754.67","$233.17","$754.67",,,"fy24"
"1015515136","Bachman Hall"," 2444 Dole St","uhm_admin","1","2023-7-17","35","30","$227.90","$1,215.34","$227.90","$1,215.34",,,"fy24"
"828232769","UHM PRI","2500 DOLE ST","uhm_admin","1","2023-7-17","87","30","$501.94","$1,487.35","$501.94","$1,487.35",,,"fy24"
"702227448","College Hill","2234 KAMEHAMEHA AVE","uhm_admin","1","2023-7-16","253","30","$2,143.30","$1,012.81","$2,143.30","$1,012.81",,,"fy24"
"311848343","Institute for Astronomy ","2680 WOODLAWN DR","uhm_admin","1","2023-7-17","160","30","$886.65","$2,453.84","$886.65","$2,453.84",,,"fy24"
"7923743424","Johnson Hall","2555 DOLE ST","student_housing","1","2023-7-17","303","30","$1,650.36",,"$1,650.36",,,,"fy24"
"7714052806","Hamiliton Library ","2444 DOLE ST","uhm_admin","1","2023-7-19","1664","29","$8,865.67","$19,656.23","$8,865.67","$19,656.23",,,"fy24"
"3436873877","Keller Hall","2565 THE MALL","uhm_admin","1","2023-7-17","238","30","$1,307.81","$2,896.00","$1,307.81","$2,896.00",,,"fy24"
"8895599400","LC1 LC4 Temp Building","1490 UNIVERSITY AVE","uhm_admin","1","2023-7-17","21","30","$154.12","$1,164.41","$154.12","$1,164.41",,,"fy24"
"9282831505","East West 12 Main","2444 DOLE ST","uhm_admin","1","2023-7-17","5757","30","$30,892.95","$91,353.43","$30,892.95","$91,353.43",,,"fy24"
"7418239794","Dole St. Parking Structure","2645 DOLE ST","uhm_admin","1","2023-7-17","0","30","$15.28","$0.00","$15.28","$0.00",,,"fy24"
"7308357431","Magoon","2727 WOODLAWN DR","uhm_admin","1","2023-7-17","4","30","$38.49","$91.44","$38.49","$91.44",,,"fy24"
"6423941420","EW Dole","2566 DOLE ST","uhm_admin","1","2023-8-17","6877","31","$36,338.18",,"$36,338.18",,,,"fy24"
"9282831505","East West 12 Main","2444 DOLE ST","uhm_admin","1","2023-8-17","5425","31","$29,143.31",,"$29,143.31",,,,"fy24"
"1526984921","Frear Hall","2568 DOLE ST","student_housing","1","2023-8-17","530","31","$2,889.49",,"$2,889.49",,,,"fy24"
"8895599400","LC1 LC4 Temp Building","1490 UNIVERSITY AVE","uhm_admin","1","2023-8-17","20","31","$148.85",,"$148.85",,,,"fy24"
"1351227019","Law School bill but it  serves Building 171F, Makai Portables, and the Air Force & Army ROTC Bldgs","2750 VARSITY PL","uhm_admin","1","2023-8-17","43","31","$270.06",,"$270.06",,,,"fy24"
"3552088266","Magoon","2719 WOODLAWN DR","uhm_admin","1","2023-8-17","0","31","$28.44",,"$28.44",,,,"fy24"
"6866598284","Music Dept ph1","2421 DOLE ST","uhm_admin","1","2023-8-17","128","31","$776.48",,"$776.48",,,,"fy24"
"9574993565","Sinclair Library ","2405 CAMPUS RD","uhm_admin","1","2023-8-17","397","31","$2,135.64",,"$2,135.64",,,,"fy24"
"8821362865","Waialae Gate","2800 KALELE RD","uhm_admin","1","2023-8-17","0","31","$43.45",,"$43.45",,,,"fy24"
"7090938420","Bachman Hall","2444 DOLE ST","uhm_admin","1","2023-8-17","0","31","$28.44",,"$28.44",,,,"fy24"
"2075731490","Hawaii Quad","2560 CAMPUS RD","uhm_admin","1","2023-8-17","524","31","$2,863.40",,"$2,863.40",,,,"fy24"
"7714052806","Hamiliton Library ","2444 DOLE ST","uhm_admin","1","2023-8-20","1886","32","$10,035.61",,"$10,035.61",,,,"fy24"
"1015515136","Bachman Hall"," 2444 Dole St","uhm_admin","1","2023-8-17","54","31","$328.03",,"$328.03",,,,"fy24"
"828232769","UHM PRI","2500 DOLE ST","uhm_admin","1","2023-8-17","86","31","$496.67",,"$496.67",,,,"fy24"
"3436873877","Keller Hall","2565 THE MALL","uhm_admin","1","2023-8-17","243","31","$1,334.16",,"$1,334.16",,,,"fy24"
"7308357431","Magoon","2727 WOODLAWN DR","uhm_admin","1","2023-8-17","12","31","$80.65",,"$80.65",,,,"fy24"
"4510777068","Hemenway Area","2415 CAMPUS RD","uhm_admin","1","2023-8-17","60","31","$333.61",,"$333.61",,,,"fy24"
"7540143529","Hale Anuenue","2741 VARSITY PL","student_housing","0","2023-8-17","26","31","$190.57",,"$190.57",,,,"fy24"
"702227448","College Hill","2234 KAMEHAMEHA AVE","uhm_admin","1","2023-8-16","223","31","$1,865.80",,"$1,865.80",,,,"fy24"
"7418239794","Dole St. Parking Structure","2645 DOLE ST","uhm_admin","1","2023-8-17","0","31","$15.28",,"$15.28",,,,"fy24"
"5753055064","College of Ed Metcalf","2329 METCALF ST","uhm_admin","1","2023-8-16","85","31","$501.50",,"$501.50",,,,"fy24"
"3660930616","Bachman Area","1635 UNIVERSITY AVE","uhm_admin","1","2023-8-17","187","31","$1,028.94",,"$1,028.94",,,,"fy24"
"7923743424","Johnson Hall","2555 DOLE ST","student_housing","1","2023-8-17","308","31","$1,676.71",,"$1,676.71",,,,"fy24"
"5867595493","Makai Campus","1590 UNIVERSITY AVE","uhm_admin","1","2023-8-20","0","32","$101.92",,"$101.92",,,,"fy24"
"5999861532","Campus Center","2505 CAMPUS RD","uhm_admin","1","2023-8-17","0","31","$43.45",,"$43.45",,,,"fy24"
"6073360529","Law School","2505 DOLE ST","uhm_admin","1","2023-8-20","17","32","$133.04",,"$133.04",,,,"fy24"
"9149298847","Music Building","1512 UNIVERSITY AVE","uhm_admin","1","2023-8-17","17","31","$133.04",,"$133.04",,,,"fy24"
"1970024388","Hawaii Hall AFS","2444 DOLE ST","uhm_admin","1","2023-8-17","0","31","$7.99",,"$7.99",,,,"fy24"
"2512030535","Hawaiian Studies","2645 DOLE ST","uhm_admin","1","2023-8-17","423","31","$2,272.66",,"$2,272.66",,,,"fy24"
"34775567","Stan Sheriff Center","2421 DOLE ST","uhm_admin","1","2023-8-20","1068","33","$5,724.75",,"$5,724.75",,,,"fy24"
"9327860114","Bachman","2446 DOLE ST","uhm_admin","1","2023-8-17","0","31","$52.94",,"$52.94",,,,"fy24"
"6395697372","Parking structure ","2525 DOLE ST","uhm_admin","1","2023-8-20","2865","32","$15,194.94",,"$15,194.94",,,,"fy24"
"3196583104","ACM (will be torn down soon)","2340 DOLE ST","uhm_admin","1","2023-8-16","0","31","$86.90",,"$86.90",,,,"fy24"
"9106985821","College of Education","1726 UNIVERSITY AVE","uhm_admin","1","2023-8-16","339","31","$1,888.45",,"$1,888.45",,,,"fy24"
"2120007870","Magoon","2717 WOODLAWN DR","uhm_admin","1","2023-8-20","318","34","$1,719.31",,"$1,719.31",,,,"fy24"
"9045013999","Bilger Hall","2545 THE MALL","uhm_admin","1","2023-8-17","0","31","$53.55",,"$53.55",,,,"fy24"
"6588641878","Castle Memorial Building","1776 UNIVERSITY AVE","uhm_admin","1","2023-8-16","0","31","$96.39",,"$96.39",,,,"fy24"
"311848343","Institute for Astronomy ","2680 WOODLAWN DR","uhm_admin","1","2023-8-17","185","31","$1,018.40","$2,546.44","$1,018.40","$2,546.44","$3,340.49","$3,564.84","fy24"
"5753055064","College of Ed Metcalf","2329 METCALF ST","uhm_admin","1","2023-9-15","107","30","$617.44",,"$617.44",,,,"fy24"
"311848343","Institute for Astronomy ","2680 WOODLAWN DR","uhm_admin","1","2023-9-17","194","31","$1,065.83","$2,578.85","$1,065.83","$2,578.85","$3,564.84","$3,644.68","fy24"
"7308357431","Magoon","2727 WOODLAWN DR","uhm_admin","1","2023-9-17","22","31","$133.35",,"$133.35",,,,"fy24"
"2512030535","Hawaiian Studies","2645 DOLE ST","uhm_admin","1","2023-9-17","413","31","$2,219.96",,"$2,219.96",,,,"fy24"
"7090938420","Bachman Hall","2444 DOLE ST","uhm_admin","1","2023-9-17","0","31","$28.44",,"$28.44",,,,"fy24"
"6866598284","Music Dept ph1","2421 DOLE ST","uhm_admin","1","2023-9-17","157","31","$929.31",,"$929.31",,,,"fy24"
"6588641878","Castle Memorial Building","1776 UNIVERSITY AVE","uhm_admin","1","2023-9-15","0","30","$96.39",,"$96.39",,,,"fy24"
"1351227019","Law School bill but it  serves Building 171F, Makai Portables, and the Air Force & Army ROTC Bldgs","2750 VARSITY PL","uhm_admin","1","2023-9-17","51","31","$312.22",,"$312.22",,,,"fy24"
"6423941420","EW Dole","2566 DOLE ST","uhm_admin","1","2023-9-17","10732","31","$56,654.03",,"$56,654.03",,,,"fy24"
"6395697372","Parking structure ","2525 DOLE ST","uhm_admin","1","2023-9-18","2083","29","$11,073.80",,"$11,073.80",,,,"fy24"
"1970024388","Hawaii Hall AFS","2444 DOLE ST","uhm_admin","1","2023-9-17","0","31","$7.99",,"$7.99",,,,"fy24"
"3660930616","Bachman Area","1635 UNIVERSITY AVE","uhm_admin","1","2023-9-17","297","31","$1,608.64",,"$1,608.64",,,,"fy24"
"6073360529","Law School","2505 DOLE ST","uhm_admin","1","2023-9-18","21","29","$154.12",,"$154.12",,,,"fy24"
"5999861532","Campus Center","2505 CAMPUS RD","uhm_admin","1","2023-9-17","0","31","$43.45",,"$43.45",,,,"fy24"
"7418239794","Dole St. Parking Structure","2645 DOLE ST","uhm_admin","1","2023-9-17","0","31","$15.28",,"$15.28",,,,"fy24"
"828232769","UHM PRI","2500 DOLE ST","uhm_admin","1","2023-9-17","156","31","$865.57",,"$865.57",,,,"fy24"
"7714052806","Hamiliton Library ","2444 DOLE ST","uhm_admin","1","2023-9-18","1300","29","$6,947.39",,"$6,947.39",,,,"fy24"
"8821362865","Waialae Gate","2800 KALELE RD","uhm_admin","1","2023-9-17","0","31","$43.45",,"$43.45",,,,"fy24"
"702227448","College Hill","2234 KAMEHAMEHA AVE","uhm_admin","1","2023-9-15","274","30","$2,337.55",,"$2,337.55",,,,"fy24"
"8895599400","LC1 LC4 Temp Building","1490 UNIVERSITY AVE","uhm_admin","1","2023-9-17","27","31","$185.74",,"$185.74",,,,"fy24"
"9045013999","Bilger Hall","2545 THE MALL","uhm_admin","1","2023-9-17","0","31","$53.55",,"$53.55",,,,"fy24"
"4510777068","Hemenway Area","2415 CAMPUS RD","uhm_admin","1","2023-9-17","114","31","$618.19",,"$618.19",,,,"fy24"
"9106985821","College of Education","1726 UNIVERSITY AVE","uhm_admin","1","2023-9-15","591","30","$3,216.49",,"$3,216.49",,,,"fy24"
"2075731490","Hawaii Quad","2560 CAMPUS RD","uhm_admin","1","2023-9-17","744","31","$4,022.80",,"$4,022.80",,,,"fy24"
"9574993565","Sinclair Library ","2405 CAMPUS RD","uhm_admin","1","2023-9-17","599","31","$3,200.18",,"$3,200.18",,,,"fy24"
"5867595493","Makai Campus","1590 UNIVERSITY AVE","uhm_admin","1","2023-9-18","0","29","$101.92",,"$101.92",,,,"fy24"
"3552088266","Magoon","2719 WOODLAWN DR","uhm_admin","1","2023-9-17","0","31","$28.44",,"$28.44",,,,"fy24"
"7923743424","Johnson Hall","2555 DOLE ST","student_housing","1","2023-9-17","498","31","$2,678.01",,"$2,678.01",,,,"fy24"
"3436873877","Keller Hall","2565 THE MALL","uhm_admin","1","2023-9-17","388","31","$2,098.31",,"$2,098.31",,,,"fy24"
"9149298847","Music Building","1512 UNIVERSITY AVE","uhm_admin","1","2023-9-17","55","31","$333.30",,"$333.30",,,,"fy24"
"2120007870","Magoon","2717 WOODLAWN DR","uhm_admin","1","2023-9-18","232","29","$1,266.09",,"$1,266.09",,,,"fy24"
"3196583104","ACM (will be torn down soon)","2340 DOLE ST","uhm_admin","1","2023-9-15","0","30","$86.90",,"$86.90",,,,"fy24"
"9282831505","East West 12 Main","2444 DOLE ST","uhm_admin","1","2023-9-17","7183","31","$38,407.97",,"$38,407.97",,,,"fy24"
"34775567","Stan Sheriff Center","2421 DOLE ST","uhm_admin","1","2023-9-18","810","29","$4,365.09",,"$4,365.09",,,,"fy24"
"1015515136","Bachman Hall"," 2444 Dole St","uhm_admin","1","2023-9-17","29","31","$196.28",,"$196.28",,,,"fy24"
"7540143529","Hale Anuenue","2741 VARSITY PL","student_housing","0","2023-9-17","66","31","$401.37",,"$401.37",,,,"fy24"
"9327860114","Bachman","2446 DOLE ST","uhm_admin","1","2023-9-17","0","31","$52.94",,"$52.94",,,,"fy24"
"1526984921","Frear Hall","2568 DOLE ST","student_housing","1","2023-9-17","752","31","$4,059.43",,"$4,059.43",,,,"fy24"
"6423941420","EW Dole","2566 DOLE ST","uhm_admin","1","2023-10-17","9522","30","$50,277.33",,"$50,277.33",,,,"fy24"
"8895599400","LC1 LC4 Temp Building","1490 UNIVERSITY AVE","uhm_admin","1","2023-10-17","23","30","$164.66",,"$164.66",,,,"fy24"
"3660930616","Bachman Area","1635 UNIVERSITY AVE","uhm_admin","1","2023-10-17","196","30","$1,076.37",,"$1,076.37",,,,"fy24"
"1351227019","Law School bill but it  serves Building 171F, Makai Portables, and the Air Force & Army ROTC Bldgs","2750 VARSITY PL","uhm_admin","1","2023-10-17","46","30","$285.87",,"$285.87",,,,"fy24"
"4510777068","Hemenway Area","2415 CAMPUS RD","uhm_admin","1","2023-10-17","153","30","$823.72",,"$823.72",,,,"fy24"
"702227448","College Hill","2234 KAMEHAMEHA AVE","uhm_admin","1","2023-10-15","510","30","$4,520.55",,"$4,520.55",,,,"fy24"
"9149298847","Music Building","1512 UNIVERSITY AVE","uhm_admin","1","2023-10-17","66","30","$391.27",,"$391.27",,,,"fy24"
"6588641878","Castle Memorial Building","1776 UNIVERSITY AVE","uhm_admin","1","2023-10-15","0","30","$96.39",,"$96.39",,,,"fy24"
"8821362865","Waialae Gate","2800 KALELE RD","uhm_admin","1","2023-10-17","0","30","$43.45",,"$43.45",,,,"fy24"
"2075731490","Hawaii Quad","2560 CAMPUS RD","uhm_admin","1","2023-10-17","859","30","$4,628.85",,"$4,628.85",,,,"fy24"
"6866598284","Music Dept ph1","2421 DOLE ST","uhm_admin","1","2023-10-17","151","30","$897.69",,"$897.69",,,,"fy24"
"7714052806","Hamiliton Library ","2444 DOLE ST","uhm_admin","1","2023-10-19","2502","31","$13,281.93",,"$13,281.93",,,,"fy24"
"3196583104","ACM (will be torn down soon)","2340 DOLE ST","uhm_admin","1","2023-10-15","0","30","$86.90",,"$86.90",,,,"fy24"
"9327860114","Bachman","2446 DOLE ST","uhm_admin","1","2023-10-17","0","30","$52.94",,"$52.94",,,,"fy24"
"1015515136","Bachman Hall"," 2444 Dole St","uhm_admin","1","2023-10-17","5","30","$69.80",,"$69.80",,,,"fy24"
"2120007870","Magoon","2717 WOODLAWN DR","uhm_admin","1","2023-10-17","265","29","$1,440.00",,"$1,440.00",,,,"fy24"
"7418239794","Dole St. Parking Structure","2645 DOLE ST","uhm_admin","1","2023-10-17","0","30","$15.28",,"$15.28",,,,"fy24"
"7090938420","Bachman Hall","2444 DOLE ST","uhm_admin","1","2023-10-17","0","30","$28.44",,"$28.44",,,,"fy24"
"828232769","UHM PRI","2500 DOLE ST","uhm_admin","1","2023-10-17","157","30","$870.84",,"$870.84",,,,"fy24"
"5867595493","Makai Campus","1590 UNIVERSITY AVE","uhm_admin","1","2023-10-19","0","31","$101.92",,"$101.92",,,,"fy24"
"2512030535","Hawaiian Studies","2645 DOLE ST","uhm_admin","1","2023-10-17","529","30","$2,831.28",,"$2,831.28",,,,"fy24"
"7923743424","Johnson Hall","2555 DOLE ST","student_housing","1","2023-10-17","494","30","$2,656.93",,"$2,656.93",,,,"fy24"
"1526984921","Frear Hall","2568 DOLE ST","student_housing","1","2023-10-17","492","30","$2,689.23",,"$2,689.23",,,,"fy24"
"5999861532","Campus Center","2505 CAMPUS RD","uhm_admin","1","2023-10-17","0","30","$43.45",,"$43.45",,,,"fy24"
"3436873877","Keller Hall","2565 THE MALL","uhm_admin","1","2023-10-17","437","30","$2,356.54",,"$2,356.54",,,,"fy24"
"9282831505","East West 12 Main","2444 DOLE ST","uhm_admin","1","2023-10-17","6927","30","$37,058.85",,"$37,058.85",,,,"fy24"
"6073360529","Law School","2505 DOLE ST","uhm_admin","1","2023-10-17","58","29","$349.11",,"$349.11",,,,"fy24"
"3552088266","Magoon","2719 WOODLAWN DR","uhm_admin","1","2023-10-17","0","30","$28.44",,"$28.44",,,,"fy24"
"1970024388","Hawaii Hall AFS","2444 DOLE ST","uhm_admin","1","2023-10-17","1","30","$7.99",,"$7.99",,,,"fy24"
"7540143529","Hale Anuenue","2741 VARSITY PL","student_housing","0","2023-10-17","63","30","$365.56",,"$365.56",,,,"fy24"
"9106985821","College of Education","1726 UNIVERSITY AVE","uhm_admin","1","2023-10-15","480","30","$2,631.52",,"$2,631.52",,,,"fy24"
"34775567","Stan Sheriff Center","2421 DOLE ST","uhm_admin","1","2023-10-19","1327","31","$7,089.68",,"$7,089.68",,,,"fy24"
"5753055064","College of Ed Metcalf","2329 METCALF ST","uhm_admin","1","2023-10-15","111","30","$638.52",,"$638.52",,,,"fy24"
"6395697372","Parking structure ","2525 DOLE ST","uhm_admin","1","2023-10-19","2917","31","$15,468.98",,"$15,468.98",,,,"fy24"
"9045013999","Bilger Hall","2545 THE MALL","uhm_admin","1","2023-10-17","0","30","$53.55",,"$53.55",,,,"fy24"
"9574993565","Sinclair Library ","2405 CAMPUS RD","uhm_admin","1","2023-10-17","469","30","$2,515.08",,"$2,515.08",,,,"fy24"
"7308357431","Magoon","2727 WOODLAWN DR","uhm_admin","1","2023-10-17","21","30","$128.08",,"$128.08",,,,"fy24"
"311848343","Institute for Astronomy ","2680 WOODLAWN DR","uhm_admin","1","2023-10-18","188","31","$1,034.21","$2,555.70","$1,034.21","$2,555.70","$3,644.68","$3,589.91","fy24"
"6395697372","Parking structure ","2525 DOLE ST","uhm_admin","1","2023-11-21","2325","33","$12,349.14",,"$12,349.14",,,,"fy24"
"311848343","Institute for Astronomy ","2680 WOODLAWN DR","uhm_admin","1","2023-11-17","147","30","$818.14","$2,407.54","$818.14","$2,407.54","$3,589.91","$3,225.68","fy24"
"9282831505","East West 12 Main","2444 DOLE ST","uhm_admin","1","2023-11-17","7418","31","$39,646.42",,"$39,646.42",,,,"fy24"
"7308357431","Magoon","2727 WOODLAWN DR","uhm_admin","1","2023-11-17","15","31","$96.46",,"$96.46",,,,"fy24"
"7540143529","Hale Anuenue","2741 VARSITY PL","student_housing","0","2023-11-17","71","31","$427.72",,"$427.72",,,,"fy24"
"1526984921","Frear Hall","2568 DOLE ST","student_housing","1","2023-11-17","1171","31","$6,267.56",,"$6,267.56",,,,"fy24"
"7923743424","Johnson Hall","2555 DOLE ST","student_housing","1","2023-11-17","507","31","$2,725.44",,"$2,725.44",,,,"fy24"
"34775567","Stan Sheriff Center","2421 DOLE ST","uhm_admin","1","2023-11-21","1040","33","$5,577.19",,"$5,577.19",,,,"fy24"
"702227448","College Hill","2234 KAMEHAMEHA AVE","uhm_admin","1","2023-11-16","345","32","$2,994.30",,"$2,994.30",,,,"fy24"
"828232769","UHM PRI","2500 DOLE ST","uhm_admin","1","2023-11-17","139","31","$775.98",,"$775.98",,,,"fy24"
"1015515136","Bachman Hall"," 2444 Dole St","uhm_admin","1","2023-11-17","37","31","$238.44",,"$238.44",,,,"fy24"
"1351227019","Law School bill but it  serves Building 171F, Makai Portables, and the Air Force & Army ROTC Bldgs","2750 VARSITY PL","uhm_admin","1","2023-11-17","47","31","$291.14",,"$291.14",,,,"fy24"
"1970024388","Hawaii Hall AFS","2444 DOLE ST","uhm_admin","1","2023-11-17","0","31","$7.99",,"$7.99",,,,"fy24"
"2075731490","Hawaii Quad","2560 CAMPUS RD","uhm_admin","1","2023-11-17","789","31","$4,259.95",,"$4,259.95",,,,"fy24"
"2120007870","Magoon","2717 WOODLAWN DR","uhm_admin","1","2023-11-17","327","31","$1,766.74",,"$1,766.74",,,,"fy24"
"2512030535","Hawaiian Studies","2645 DOLE ST","uhm_admin","1","2023-11-17","551","31","$2,947.22",,"$2,947.22",,,,"fy24"
"3196583104","ACM (will be torn down soon)","2340 DOLE ST","uhm_admin","1","2023-11-16","0","32","$86.90",,"$86.90",,,,"fy24"
"3436873877","Keller Hall","2565 THE MALL","uhm_admin","1","2023-11-17","485","31","$2,609.50",,"$2,609.50",,,,"fy24"
"3552088266","Magoon","2719 WOODLAWN DR","uhm_admin","1","2023-11-17","0","31","$28.44",,"$28.44",,,,"fy24"
"3660930616","Bachman Area","1635 UNIVERSITY AVE","uhm_admin","1","2023-11-17","97","31","$554.64",,"$554.64",,,,"fy24"
"9327860114","Bachman","2446 DOLE ST","uhm_admin","1","2023-11-17","0","31","$52.94",,"$52.94",,,,"fy24"
"9574993565","Sinclair Library ","2405 CAMPUS RD","uhm_admin","1","2023-11-17","300","31","$1,624.45",,"$1,624.45",,,,"fy24"
"4510777068","Hemenway Area","2415 CAMPUS RD","uhm_admin","1","2023-11-17","92","31","$502.25",,"$502.25",,,,"fy24"
"5753055064","College of Ed Metcalf","2329 METCALF ST","uhm_admin","1","2023-11-16","10","32","$106.25",,"$106.25",,,,"fy24"
"5867595493","Makai Campus","1590 UNIVERSITY AVE","uhm_admin","1","2023-11-21","0","33","$101.92",,"$101.92",,,,"fy24"
"5999861532","Campus Center","2505 CAMPUS RD","uhm_admin","1","2023-11-17","0","31","$43.45",,"$43.45",,,,"fy24"
"6073360529","Law School","2505 DOLE ST","uhm_admin","1","2023-11-17","54","31","$328.03",,"$328.03",,,,"fy24"
"6423941420","EW Dole","2566 DOLE ST","uhm_admin","1","2023-11-17","9629","31","$50,841.22",,"$50,841.22",,,,"fy24"
"6588641878","Castle Memorial Building","1776 UNIVERSITY AVE","uhm_admin","1","2023-11-16","0","32","$96.39",,"$96.39",,,,"fy24"
"6866598284","Music Dept ph1","2421 DOLE ST","uhm_admin","1","2023-11-17","180","31","$1,050.52",,"$1,050.52",,,,"fy24"
"7090938420","Bachman Hall","2444 DOLE ST","uhm_admin","1","2023-11-17","0","31","$28.44",,"$28.44",,,,"fy24"
"7418239794","Dole St. Parking Structure","2645 DOLE ST","uhm_admin","1","2023-11-17","0","31","$15.28",,"$15.28",,,,"fy24"
"7714052806","Hamiliton Library ","2444 DOLE ST","uhm_admin","1","2023-11-21","1986","33","$10,562.61",,"$10,562.61",,,,"fy24"
"8821362865","Waialae Gate","2800 KALELE RD","uhm_admin","1","2023-11-17","0","31","$43.45",,"$43.45",,,,"fy24"
"8895599400","LC1 LC4 Temp Building","1490 UNIVERSITY AVE","uhm_admin","1","2023-11-17","26","31","$180.47",,"$180.47",,,,"fy24"
"9045013999","Bilger Hall","2545 THE MALL","uhm_admin","1","2023-11-17","12","31","$116.79",,"$116.79",,,,"fy24"
"9106985821","College of Education","1726 UNIVERSITY AVE","uhm_admin","1","2023-11-16","472","32","$2,589.36",,"$2,589.36",,,,"fy24"
"9149298847","Music Building","1512 UNIVERSITY AVE","uhm_admin","1","2023-11-17","79","31","$459.78",,"$459.78",,,,"fy24"
"7714052806","Hamiliton Library ","2444 DOLE ST","uhm_admin","1","2023-12-19","1398","28","$7,463.85",,"$7,463.85",,,,"fy24"
"9149298847","Music Building","1512 UNIVERSITY AVE","uhm_admin","1","2023-12-18","66","31","$391.27",,"$391.27",,,,"fy24"
"5753055064","College of Ed Metcalf","2329 METCALF ST","uhm_admin","1","2023-12-18","9","32","$100.98",,"$100.98",,,,"fy24"
"702227448","College Hill","2234 KAMEHAMEHA AVE","uhm_admin","1","2023-12-15","67","29","$422.80",,"$422.80",,,,"fy24"
"2512030535","Hawaiian Studies","2645 DOLE ST","uhm_admin","1","2023-12-18","557","31","$2,978.84",,"$2,978.84",,,,"fy24"
"9045013999","Bilger Hall","2545 THE MALL","uhm_admin","1","2023-12-18","0","31","$53.55",,"$53.55",,,,"fy24"
"9282831505","East West 12 Main","2444 DOLE ST","uhm_admin","1","2023-12-18","6790","31","$36,336.86",,"$36,336.86",,,,"fy24"
"6073360529","Law School","2505 DOLE ST","uhm_admin","1","2023-12-18","29","31","$196.28",,"$196.28",,,,"fy24"
"311848343","Institute for Astronomy ","2680 WOODLAWN DR","uhm_admin","1","2023-12-19","125","31","$702.20","$2,324.20","$702.20","$2,324.20","$3,225.68","$3,026.40","fy24"
"1351227019","Law School bill but it  serves Building 171F, Makai Portables, and the Air Force & Army ROTC Bldgs","2750 VARSITY PL","uhm_admin","1","2023-12-18","50","31","$306.95",,"$306.95",,,,"fy24"
"6395697372","Parking structure ","2525 DOLE ST","uhm_admin","1","2023-12-19","1347","28","$7,195.08",,"$7,195.08",,,,"fy24"
"7090938420","Bachman Hall","2444 DOLE ST","uhm_admin","1","2023-12-18","0","31","$28.44",,"$28.44",,,,"fy24"
"8895599400","LC1 LC4 Temp Building","1490 UNIVERSITY AVE","uhm_admin","1","2023-12-18","27","31","$185.74",,"$185.74",,,,"fy24"
"6423941420","EW Dole","2566 DOLE ST","uhm_admin","1","2023-12-18","7727","31","$40,817.68",,"$40,817.68",,,,"fy24"
"6588641878","Castle Memorial Building","1776 UNIVERSITY AVE","uhm_admin","1","2023-12-15","0","29","$96.39",,"$96.39",,,,"fy24"
"4510777068","Hemenway Area","2415 CAMPUS RD","uhm_admin","1","2023-12-18","345","31","$1,835.56",,"$1,835.56",,,,"fy24"
"9327860114","Bachman","2446 DOLE ST","uhm_admin","1","2023-12-18","0","31","$52.94",,"$52.94",,,,"fy24"
"3196583104","ACM (will be torn down soon)","2340 DOLE ST","uhm_admin","1","2023-12-15","0","29","$86.90",,"$86.90",,,,"fy24"
"2120007870","Magoon","2717 WOODLAWN DR","uhm_admin","1","2023-12-18","267","31","$1,450.54",,"$1,450.54",,,,"fy24"
"7418239794","Dole St. Parking Structure","2645 DOLE ST","uhm_admin","1","2023-12-18","0","31","$15.28",,"$15.28",,,,"fy24"
"3660930616","Bachman Area","1635 UNIVERSITY AVE","uhm_admin","1","2023-12-18","229","31","$1,250.28",,"$1,250.28",,,,"fy24"
"1015515136","Bachman Hall"," 2444 Dole St","uhm_admin","1","2023-12-18","76","31","$443.97",,"$443.97",,,,"fy24"
"7540143529","Hale Anuenue","2741 VARSITY PL","student_housing","0","2023-12-18","54","31","$336.13",,"$336.13",,,,"fy24"
"9106985821","College of Education","1726 UNIVERSITY AVE","uhm_admin","1","2023-12-15","374","29","$2,072.90",,"$2,072.90",,,,"fy24"
"7308357431","Magoon","2727 WOODLAWN DR","uhm_admin","1","2023-12-18","4","31","$38.49",,"$38.49",,,,"fy24"
"3436873877","Keller Hall","2565 THE MALL","uhm_admin","1","2023-12-18","430","31","$2,319.65",,"$2,319.65",,,,"fy24"
"7923743424","Johnson Hall","2555 DOLE ST","student_housing","1","2023-12-18","495","31","$2,662.20",,"$2,662.20",,,,"fy24"
"9574993565","Sinclair Library ","2405 CAMPUS RD","uhm_admin","1","2023-12-18","399","31","$2,146.18",,"$2,146.18",,,,"fy24"
"1526984921","Frear Hall","2568 DOLE ST","student_housing","1","2023-12-18","1017","31","$5,455.98",,"$5,455.98",,,,"fy24"
"8821362865","Waialae Gate","2800 KALELE RD","uhm_admin","1","2023-12-18","0","31","$43.45",,"$43.45",,,,"fy24"
"5867595493","Makai Campus","1590 UNIVERSITY AVE","uhm_admin","1","2023-12-19","0","28","$101.92",,"$101.92",,,,"fy24"
"5999861532","Campus Center","2505 CAMPUS RD","uhm_admin","1","2023-12-18","0","31","$43.45",,"$43.45",,,,"fy24"
"1970024388","Hawaii Hall AFS","2444 DOLE ST","uhm_admin","1","2023-12-18","0","31","$7.99",,"$7.99",,,,"fy24"
"2075731490","Hawaii Quad","2560 CAMPUS RD","uhm_admin","1","2023-12-18","574","31","$3,126.90",,"$3,126.90",,,,"fy24"
"34775567","Stan Sheriff Center","2421 DOLE ST","uhm_admin","1","2023-12-19","807","28","$4,349.28",,"$4,349.28",,,,"fy24"
"828232769","UHM PRI","2500 DOLE ST","uhm_admin","1","2023-12-18","88","31","$507.21",,"$507.21",,,,"fy24"
"3552088266","Magoon","2719 WOODLAWN DR","uhm_admin","1","2023-12-18","0","31","$28.44",,"$28.44",,,,"fy24"
"6866598284","Music Dept ph1","2421 DOLE ST","uhm_admin","1","2023-12-18","113","31","$697.43",,"$697.43",,,,"fy24"
"3196583104","ACM (will be torn down soon)","2340 DOLE ST","uhm_admin","1","2024-1-15","0","31","$86.90",,"$86.90",,,,"fy24"
"311848343","Institute for Astronomy ","2680 WOODLAWN DR","uhm_admin","1","2024-1-18","105","29","$596.80","$2,250.12","$596.80","$2,250.12","$3,026.40","$2,846.92","fy24"
"9106985821","College of Education","1726 UNIVERSITY AVE","uhm_admin","1","2024-1-15","319","31","$1,783.05",,"$1,783.05",,,,"fy24"
"702227448","College Hill","2234 KAMEHAMEHA AVE","uhm_admin","1","2024-1-15","78","31","$524.55",,"$524.55",,,,"fy24"
"7418239794","Dole St. Parking Structure","2645 DOLE ST","uhm_admin","1","2024-1-16","0","29","$15.28",,"$15.28",,,,"fy24"
"1015515136","Bachman Hall"," 2444 Dole St","uhm_admin","1","2024-1-16","12","29","$106.69",,"$106.69",,,,"fy24"
"7090938420","Bachman Hall","2444 DOLE ST","uhm_admin","1","2024-1-16","0","29","$28.44",,"$28.44",,,,"fy24"
"828232769","UHM PRI","2500 DOLE ST","uhm_admin","1","2024-1-16","83","29","$480.86",,"$480.86",,,,"fy24"
"7308357431","Magoon","2727 WOODLAWN DR","uhm_admin","1","2024-1-16","8","29","$59.57",,"$59.57",,,,"fy24"
"2120007870","Magoon","2717 WOODLAWN DR","uhm_admin","1","2024-1-16","229","29","$1,250.28",,"$1,250.28",,,,"fy24"
"4510777068","Hemenway Area","2415 CAMPUS RD","uhm_admin","1","2024-1-16","55","29","$307.26",,"$307.26",,,,"fy24"
"1526984921","Frear Hall","2568 DOLE ST","student_housing","1","2024-1-16","850","29","$4,575.89",,"$4,575.89",,,,"fy24"
"9282831505","East West 12 Main","2444 DOLE ST","uhm_admin","1","2024-1-16","4894","29","$26,344.94",,"$26,344.94",,,,"fy24"
"9327860114","Bachman","2446 DOLE ST","uhm_admin","1","2024-1-16","0","29","$52.94",,"$52.94",,,,"fy24"
"5753055064","College of Ed Metcalf","2329 METCALF ST","uhm_admin","1","2024-1-18","41","31","$269.62",,"$269.62",,,,"fy24"
"9149298847","Music Building","1512 UNIVERSITY AVE","uhm_admin","1","2024-1-16","27","29","$185.74",,"$185.74",,,,"fy24"
"2075731490","Hawaii Quad","2560 CAMPUS RD","uhm_admin","1","2024-1-16","354","29","$1,967.50",,"$1,967.50",,,,"fy24"
"5867595493","Makai Campus","1590 UNIVERSITY AVE","uhm_admin","1","2024-1-19","1","31","$107.19",,"$107.19",,,,"fy24"
"3436873877","Keller Hall","2565 THE MALL","uhm_admin","1","2024-1-16","318","29","$1,729.41",,"$1,729.41",,,,"fy24"
"5999861532","Campus Center","2505 CAMPUS RD","uhm_admin","1","2024-1-16","0","29","$43.45",,"$43.45",,,,"fy24"
"7923743424","Johnson Hall","2555 DOLE ST","student_housing","1","2024-1-16","454","29","$2,446.13",,"$2,446.13",,,,"fy24"
"1970024388","Hawaii Hall AFS","2444 DOLE ST","uhm_admin","1","2024-1-16","0","29","$7.99",,"$7.99",,,,"fy24"
"6073360529","Law School","2505 DOLE ST","uhm_admin","1","2024-1-16","18","29","$138.31",,"$138.31",,,,"fy24"
"9045013999","Bilger Hall","2545 THE MALL","uhm_admin","1","2024-1-16","0","29","$53.55",,"$53.55",,,,"fy24"
"7540143529","Hale Anuenue","2741 VARSITY PL","student_housing","0","2024-1-16","32","29","$222.19",,"$222.19",,,,"fy24"
"34775567","Stan Sheriff Center","2421 DOLE ST","uhm_admin","1","2024-1-19","778","31","$4,196.45",,"$4,196.45",,,,"fy24"
"8895599400","LC1 LC4 Temp Building","1490 UNIVERSITY AVE","uhm_admin","1","2024-1-16","22","29","$159.39",,"$159.39",,,,"fy24"
"6395697372","Parking structure ","2525 DOLE ST","uhm_admin","1","2024-1-19","1573","31","$8,386.10",,"$8,386.10",,,,"fy24"
"2512030535","Hawaiian Studies","2645 DOLE ST","uhm_admin","1","2024-1-16","612","29","$3,268.69",,"$3,268.69",,,,"fy24"
"1351227019","Law School bill but it  serves Building 171F, Makai Portables, and the Air Force & Army ROTC Bldgs","2750 VARSITY PL","uhm_admin","1","2024-1-16","43","29","$270.06",,"$270.06",,,,"fy24"
"6423941420","EW Dole","2566 DOLE ST","uhm_admin","1","2024-1-16","6203","29","$32,786.20",,"$32,786.20",,,,"fy24"
"8821362865","Waialae Gate","2800 KALELE RD","uhm_admin","1","2024-1-16","0","29","$43.45",,"$43.45",,,,"fy24"
"9574993565","Sinclair Library ","2405 CAMPUS RD","uhm_admin","1","2024-1-16","227","29","$1,239.74",,"$1,239.74",,,,"fy24"
"6866598284","Music Dept ph1","2421 DOLE ST","uhm_admin","1","2024-1-16","87","29","$560.41",,"$560.41",,,,"fy24"
"6588641878","Castle Memorial Building","1776 UNIVERSITY AVE","uhm_admin","1","2024-1-15","0","31","$96.39",,"$96.39",,,,"fy24"
"3660930616","Bachman Area","1635 UNIVERSITY AVE","uhm_admin","1","2024-1-16","105","29","$596.80",,"$596.80",,,,"fy24"
"7714052806","Hamiliton Library ","2444 DOLE ST","uhm_admin","1","2024-1-19","1221","31","$6,531.06",,"$6,531.06",,,,"fy24"
"3552088266","Magoon","2719 WOODLAWN DR","uhm_admin","1","2024-1-16","0","29","$28.44",,"$28.44",,,,"fy24"
"3660930616","Bachman Area","1635 UNIVERSITY AVE","uhm_admin","1","2024-2-16","66","31","$391.27",,"$391.27",,,,"fy24"
"6395697372","Parking structure ","2525 DOLE ST","uhm_admin","1","2024-2-20","1651","32","$8,797.16",,"$8,797.16",,,,"fy24"
"9574993565","Sinclair Library ","2405 CAMPUS RD","uhm_admin","1","2024-2-16","427","31","$2,293.74",,"$2,293.74",,,,"fy24"
"6588641878","Castle Memorial Building","1776 UNIVERSITY AVE","uhm_admin","1","2024-2-16","0","32","$96.39",,"$96.39",,,,"fy24"
"1351227019","Law School bill but it  serves Building 171F, Makai Portables, and the Air Force & Army ROTC Bldgs","2750 VARSITY PL","uhm_admin","1","2024-2-16","53","31","$322.76",,"$322.76",,,,"fy24"
"1015515136","Bachman Hall"," 2444 Dole St","uhm_admin","1","2024-2-16","18","31","$138.31",,"$138.31",,,,"fy24"
"8821362865","Waialae Gate","2800 KALELE RD","uhm_admin","1","2024-2-16","0","31","$43.45",,"$43.45",,,,"fy24"
"4510777068","Hemenway Area","2415 CAMPUS RD","uhm_admin","1","2024-2-16","75","31","$412.66",,"$412.66",,,,"fy24"
"7714052806","Hamiliton Library ","2444 DOLE ST","uhm_admin","1","2024-2-20","958","32","$5,145.05",,"$5,145.05",,,,"fy24"
"6423941420","EW Dole","2566 DOLE ST","uhm_admin","1","2024-2-16","9067","31","$47,879.48",,"$47,879.48",,,,"fy24"
"1526984921","Frear Hall","2568 DOLE ST","student_housing","1","2024-2-16","1127","31","$6,035.68",,"$6,035.68",,,,"fy24"
"828232769","UHM PRI","2500 DOLE ST","uhm_admin","1","2024-2-16","79","31","$459.78",,"$459.78",,,,"fy24"
"9106985821","College of Education","1726 UNIVERSITY AVE","uhm_admin","1","2024-2-16","390","32","$2,157.22",,"$2,157.22",,,,"fy24"
"5867595493","Makai Campus","1590 UNIVERSITY AVE","uhm_admin","1","2024-2-20","0","32","$101.92",,"$101.92",,,,"fy24"
"9327860114","Bachman","2446 DOLE ST","uhm_admin","1","2024-2-16","0","31","$52.94",,"$52.94",,,,"fy24"
"6866598284","Music Dept ph1","2421 DOLE ST","uhm_admin","1","2024-2-16","139","31","$834.45",,"$834.45",,,,"fy24"
"5999861532","Campus Center","2505 CAMPUS RD","uhm_admin","1","2024-2-16","0","31","$43.45",,"$43.45",,,,"fy24"
"2075731490","Hawaii Quad","2560 CAMPUS RD","uhm_admin","1","2024-2-16","575","31","$3,132.17",,"$3,132.17",,,,"fy24"
"7308357431","Magoon","2727 WOODLAWN DR","uhm_admin","1","2024-2-16","19","31","$117.54",,"$117.54",,,,"fy24"
"7923743424","Johnson Hall","2555 DOLE ST","student_housing","1","2024-2-16","331","31","$1,797.92",,"$1,797.92",,,,"fy24"
"311848343","Institute for Astronomy ","2680 WOODLAWN DR","uhm_admin","1","2024-2-20","134","31","$1,346.43","$4,606.73","$749.63","$2,356.61","$0.00","$5,953.16","fy24"
"9149298847","Music Building","1512 UNIVERSITY AVE","uhm_admin","1","2024-2-16","35","31","$227.90",,"$227.90",,,,"fy24"
"1970024388","Hawaii Hall AFS","2444 DOLE ST","uhm_admin","1","2024-2-16","0","31","$7.99",,"$7.99",,,,"fy24"
"7418239794","Dole St. Parking Structure","2645 DOLE ST","uhm_admin","1","2024-2-16","0","31","$15.28",,"$15.28",,,,"fy24"
"3436873877","Keller Hall","2565 THE MALL","uhm_admin","1","2024-2-16","352","31","$1,908.59",,"$1,908.59",,,,"fy24"
"9045013999","Bilger Hall","2545 THE MALL","uhm_admin","1","2024-2-16","0","31","$53.55",,"$53.55",,,,"fy24"
"5753055064","College of Ed Metcalf","2329 METCALF ST","uhm_admin","1","2024-2-16","64","29","$390.83",,"$390.83",,,,"fy24"
"3196583104","ACM (will be torn down soon)","2340 DOLE ST","uhm_admin","1","2024-2-16","0","32","$86.90",,"$86.90",,,,"fy24"
"6073360529","Law School","2505 DOLE ST","uhm_admin","1","2024-2-20","64","35","$380.73",,"$380.73",,,,"fy24"
"2120007870","Magoon","2717 WOODLAWN DR","uhm_admin","1","2024-2-16","251","31","$1,366.22",,"$1,366.22",,,,"fy24"
"7090938420","Bachman Hall","2444 DOLE ST","uhm_admin","1","2024-2-16","0","31","$28.44",,"$28.44",,,,"fy24"
"2512030535","Hawaiian Studies","2645 DOLE ST","uhm_admin","1","2024-2-16","661","31","$3,526.92",,"$3,526.92",,,,"fy24"
"702227448","College Hill","2234 KAMEHAMEHA AVE","uhm_admin","1","2024-2-16","56","32","$334.65",,"$334.65",,,,"fy24"
"34775567","Stan Sheriff Center","2421 DOLE ST","uhm_admin","1","2024-2-20","817","32","$4,401.98",,"$4,401.98",,,,"fy24"
"8895599400","LC1 LC4 Temp Building","1490 UNIVERSITY AVE","uhm_admin","1","2024-2-16","26","31","$180.47",,"$180.47",,,,"fy24"
"7540143529","Hale Anuenue","2741 VARSITY PL","student_housing","0","2024-2-16","50","31","$317.05",,"$317.05",,,,"fy24"
"9282831505","East West 12 Main","2444 DOLE ST","uhm_admin","1","2024-2-16","5618","31","$30,160.42",,"$30,160.42",,,,"fy24"
"3552088266","Magoon","2719 WOODLAWN DR","uhm_admin","1","2024-2-16","0","31","$28.44",,"$28.44",,,,"fy24"
"1015515136","Bachman Hall"," 2444 Dole St","uhm_admin","1","2024-3-17","12","30","$117.40",,"$117.40",,,,"fy24"
"4510777068","Hemenway Area","2415 CAMPUS RD","uhm_admin","1","2024-3-17","80","30","$483.15",,"$483.15",,,,"fy24"
"9045013999","Bilger Hall","2545 THE MALL","uhm_admin","1","2024-3-17","0","30","$58.91",,"$58.91",,,,"fy24"
"3552088266","Magoon","2719 WOODLAWN DR","uhm_admin","1","2024-3-17","0","30","$31.28",,"$31.28",,,,"fy24"
"2120007870","Magoon","2717 WOODLAWN DR","uhm_admin","1","2024-3-17","672","30","$3,945.40",,"$3,945.40",,,,"fy24"
"3660930616","Bachman Area","1635 UNIVERSITY AVE","uhm_admin","1","2024-3-17","176","30","$1,068.60",,"$1,068.60",,,,"fy24"
"2075731490","Hawaii Quad","2560 CAMPUS RD","uhm_admin","1","2024-3-17","555","30","$3,331.11",,"$3,331.11",,,,"fy24"
"5753055064","College of Ed Metcalf","2329 METCALF ST","uhm_admin","1","2024-3-16","33","29","$250.31",,"$250.31",,,,"fy24"
"5867595493","Makai Campus","1590 UNIVERSITY AVE","uhm_admin","1","2024-3-18","0","27","$112.11",,"$112.11",,,,"fy24"
"1970024388","Hawaii Hall AFS","2444 DOLE ST","uhm_admin","1","2024-3-19","0","32","$8.79",,"$8.79",,,,"fy24"
"9327860114","Bachman","2446 DOLE ST","uhm_admin","1","2024-3-17","0","30","$58.23",,"$58.23",,,,"fy24"
"5999861532","Campus Center","2505 CAMPUS RD","uhm_admin","1","2024-3-17","0","30","$47.80",,"$47.80",,,,"fy24"
"6073360529","Law School","2505 DOLE ST","uhm_admin","1","2024-3-18","35","27","$250.80",,"$250.80",,,,"fy24"
"1351227019","Law School bill but it  serves Building 171F, Makai Portables, and the Air Force & Army ROTC Bldgs","2750 VARSITY PL","uhm_admin","1","2024-3-17","52","30","$349.40",,"$349.40",,,,"fy24"
"6423941420","EW Dole","2566 DOLE ST","uhm_admin","1","2024-3-17","8829","30","$51,314.23",,"$51,314.23",,,,"fy24"
"6588641878","Castle Memorial Building","1776 UNIVERSITY AVE","uhm_admin","1","2024-3-16","0","29","$106.03",,"$106.03",,,,"fy24"
"7540143529","Hale Anuenue","2741 VARSITY PL","student_housing","0","2024-3-17","54","30","$372.11",,"$372.11",,,,"fy24"
"6866598284","Music Dept ph1","2421 DOLE ST","uhm_admin","1","2024-3-17","136","30","$900.91",,"$900.91",,,,"fy24"
"7090938420","Bachman Hall","2444 DOLE ST","uhm_admin","1","2024-3-17","0","30","$31.28",,"$31.28",,,,"fy24"
"828232769","UHM PRI","2500 DOLE ST","uhm_admin","1","2024-3-17","94","30","$593.00",,"$593.00",,,,"fy24"
"7308357431","Magoon","2727 WOODLAWN DR","uhm_admin","1","2024-3-17","10","30","$77.15",,"$77.15",,,,"fy24"
"9574993565","Sinclair Library ","2405 CAMPUS RD","uhm_admin","1","2024-3-17","1082","30","$6,323.40",,"$6,323.40",,,,"fy24"
"7418239794","Dole St. Parking Structure","2645 DOLE ST","uhm_admin","1","2024-3-17","0","30","$16.81",,"$16.81",,,,"fy24"
"702227448","College Hill","2234 KAMEHAMEHA AVE","uhm_admin","1","2024-3-16","90","29","$725.61",,"$725.61",,,,"fy24"
"8821362865","Waialae Gate","2800 KALELE RD","uhm_admin","1","2024-3-17","0","30","$47.80",,"$47.80",,,,"fy24"
"8895599400","LC1 LC4 Temp Building","1490 UNIVERSITY AVE","uhm_admin","1","2024-3-17","29","30","$216.00",,"$216.00",,,,"fy24"
"34775567","Stan Sheriff Center","2421 DOLE ST","uhm_admin","1","2024-3-18","818","27","$4,850.43",,"$4,850.43",,,,"fy24"
"9106985821","College of Education","1726 UNIVERSITY AVE","uhm_admin","1","2024-3-16","347","29","$2,124.71",,"$2,124.71",,,,"fy24"
"9149298847","Music Building","1512 UNIVERSITY AVE","uhm_admin","1","2024-3-17","32","30","$233.40",,"$233.40",,,,"fy24"
"1526984921","Frear Hall","2568 DOLE ST","student_housing","1","2024-3-17","1064","30","$6,277.23",,"$6,277.23",,,,"fy24"
"9282831505","East West 12 Main","2444 DOLE ST","uhm_admin","1","2024-3-17","6156","30","$36,313.72",,"$36,313.72",,,,"fy24"
"3196583104","ACM (will be torn down soon)","2340 DOLE ST","uhm_admin","1","2024-3-16","0","29","$95.60",,"$95.60",,,,"fy24"
"2512030535","Hawaiian Studies","2645 DOLE ST","uhm_admin","1","2024-3-17","680","30","$3,991.80",,"$3,991.80",,,,"fy24"
"3436873877","Keller Hall","2565 THE MALL","uhm_admin","1","2024-3-17","327","30","$1,955.51",,"$1,955.51",,,,"fy24"
"311848343","Institute for Astronomy ","2680 WOODLAWN DR","uhm_admin","1","2024-3-19","121","750","$2,310.31","$5,953.16","$2,310.31","$5,953.16","$3,059.91","$749.60","fy24"
"1526984921","Frear Hall","2568 DOLE ST","student_housing","1","2024-4-17","1165","30","$6,863.03",,"$6,863.03",,,,"fy24"
"7540143529","Hale Anuenue","2741 VARSITY PL","student_housing","0","2024-4-17","51","31","$354.71",,"$354.71",,,,"fy24"
"6073360529","Law School","2505 DOLE ST","uhm_admin","1","2024-4-17","35","30","$250.80",,"$250.80",,,,"fy24"
"5867595493","Makai Campus","1590 UNIVERSITY AVE","uhm_admin","1","2024-4-17","0","30","$112.11",,"$112.11",,,,"fy24"
"6423941420","EW Dole","2566 DOLE ST","uhm_admin","1","2024-4-16","8735","30","$50,769.03",,"$50,769.03",,,,"fy24"
"3552088266","Magoon","2719 WOODLAWN DR","uhm_admin","1","2024-4-16","0","30","$31.28",,"$31.28",,,,"fy24"
"9106985821","College of Education","1726 UNIVERSITY AVE","uhm_admin","1","2024-4-15","282","30","$1,747.71",,"$1,747.71",,,,"fy24"
"828232769","UHM PRI","2500 DOLE ST","uhm_admin","1","2024-4-16","132","30","$813.40",,"$813.40",,,,"fy24"
"2120007870","Magoon","2717 WOODLAWN DR","uhm_admin","1","2024-4-16","278","30","$1,660.20",,"$1,660.20",,,,"fy24"
"8821362865","Waialae Gate","2800 KALELE RD","uhm_admin","1","2024-4-16","0","30","$47.80",,"$47.80",,,,"fy24"
"1015515136","Bachman Hall"," 2444 Dole St","uhm_admin","1","2024-4-16","30","30","$221.80",,"$221.80",,,,"fy24"
"2075731490","Hawaii Quad","2560 CAMPUS RD","uhm_admin","1","2024-4-16","444","30","$2,687.31",,"$2,687.31",,,,"fy24"
"3196583104","ACM (will be torn down soon)","2340 DOLE ST","uhm_admin","1","2024-4-15","0","30","$95.60",,"$95.60",,,,"fy24"
"4510777068","Hemenway Area","2415 CAMPUS RD","uhm_admin","1","2024-4-16","61","30","$372.95",,"$372.95",,,,"fy24"
"6866598284","Music Dept ph1","2421 DOLE ST","uhm_admin","1","2024-4-16","52","30","$413.71",,"$413.71",,,,"fy24"
"34775567","Stan Sheriff Center","2421 DOLE ST","uhm_admin","1","2024-4-17","823","30","$4,879.43",,"$4,879.43",,,,"fy24"
"2512030535","Hawaiian Studies","2645 DOLE ST","uhm_admin","1","2024-4-16","650","30","$3,817.80",,"$3,817.80",,,,"fy24"
"6395697372","Parking structure ","2525 DOLE ST","uhm_admin","1","2024-4-17","3322","57","$19,373.63",,"$19,373.63",,,,"fy24"
"3436873877","Keller Hall","2565 THE MALL","uhm_admin","1","2024-4-16","236","30","$1,427.71",,"$1,427.71",,,,"fy24"
"3660930616","Bachman Area","1635 UNIVERSITY AVE","uhm_admin","1","2024-4-16","255","30","$1,526.80",,"$1,526.80",,,,"fy24"
"7714052806","Hamiliton Library ","2444 DOLE ST","uhm_admin","1","2024-4-17","1706","57","$10,000.83",,"$10,000.83",,,,"fy24"
"1351227019","Law School bill but it  serves Building 171F, Makai Portables, and the Air Force & Army ROTC Bldgs","2750 VARSITY PL","uhm_admin","1","2024-4-16","48","30","$326.20",,"$326.20",,,,"fy24"
"7090938420","Bachman Hall","2444 DOLE ST","uhm_admin","1","2024-4-16","0","30","$31.28",,"$31.28",,,,"fy24"
"311848343","Institute for Astronomy ","2680 WOODLAWN DR","uhm_admin","1","2024-4-16","117","30","$1,476.00","$4,606.73","$657.86","$2,199.19","$0.00","$3,022.82","fy24"
"9282831505","East West 12 Main","2444 DOLE ST","uhm_admin","1","2024-4-16","6090","30","$35,930.92",,"$35,930.92",,,,"fy24"
"8895599400","LC1 LC4 Temp Building","1490 UNIVERSITY AVE","uhm_admin","1","2024-4-16","22","30","$175.40",,"$175.40",,,,"fy24"
"6588641878","Castle Memorial Building","1776 UNIVERSITY AVE","uhm_admin","1","2024-4-15","0","30","$106.03",,"$106.03",,,,"fy24"
"9574993565","Sinclair Library ","2405 CAMPUS RD","uhm_admin","1","2024-4-16","690","30","$4,049.80",,"$4,049.80",,,,"fy24"
"1970024388","Hawaii Hall AFS","2444 DOLE ST","uhm_admin","1","2024-4-16","0","28","$8.79",,"$8.79",,,,"fy24"
"5999861532","Campus Center","2505 CAMPUS RD","uhm_admin","1","2024-4-16","0","30","$47.80",,"$47.80",,,,"fy24"
"9327860114","Bachman","2446 DOLE ST","uhm_admin","1","2024-4-16","0","30","$58.23",,"$58.23",,,,"fy24"
"702227448","College Hill","2234 KAMEHAMEHA AVE","uhm_admin","1","2024-4-15","50","30","$331.81",,"$331.81",,,,"fy24"
"9045013999","Bilger Hall","2545 THE MALL","uhm_admin","1","2024-4-16","0","30","$58.91",,"$58.91",,,,"fy24"
"7308357431","Magoon","2727 WOODLAWN DR","uhm_admin","1","2024-4-16","45","30","$280.15",,"$280.15",,,,"fy24"
"9149298847","Music Building","1512 UNIVERSITY AVE","uhm_admin","1","2024-4-16","34","30","$245.00",,"$245.00",,,,"fy24"
"7418239794","Dole St. Parking Structure","2645 DOLE ST","uhm_admin","1","2024-4-16","0","30","$16.81",,"$16.81",,,,"fy24"
"5753055064","College of Ed Metcalf","2329 METCALF ST","uhm_admin","1","2024-4-15","311","30","$1,862.71",,"$1,862.71",,,,"fy24"
"3552088266","Magoon","2719 WOODLAWN DR","uhm_admin","1","2024-5-17","0","31","$31.28",,"$31.28",,,,"fy24"
"311848343","Institute for Astronomy ","2680 WOODLAWN DR","uhm_admin","1","2024-5-17","128","31","$790.20","$2,333.46","$790.20","$2,333.46","$6,082.73","$3,123.66","fy24"
"7923743424","Johnson Hall","2555 DOLE ST","student_housing","1","2024-5-17","448","31","$2,715.54","$3,053.44","$2,715.54","$3,053.44","$5,056.18","$5,768.98","fy24"
"7540143529","Hale Anuenue","2741 VARSITY PL","student_housing","0","2024-5-17","44","30","$345.39","$1,015.10","$345.39","$1,015.10","$2,884.40","$1,360.49","fy24"
"2512030535","Hawaiian Studies","2645 DOLE ST","uhm_admin","1","2024-5-17","702","31","$4,119.40",,"$4,119.40",,,,"fy24"
"828232769","UHM PRI","2500 DOLE ST","uhm_admin","1","2024-5-17","94","31","$593.00",,"$593.00",,,,"fy24"
"7418239794","Dole St. Parking Structure","2645 DOLE ST","uhm_admin","1","2024-5-17","0","31","$16.81",,"$16.81",,,,"fy24"
"702227448","College Hill","2234 KAMEHAMEHA AVE","uhm_admin","1","2024-5-16","26","31","$175.09",,"$175.09",,,,"fy24"
"6588641878","Castle Memorial Building","1776 UNIVERSITY AVE","uhm_admin","1","2024-5-16","0","31","$106.03",,"$106.03",,,,"fy24"
"1015515136","Bachman Hall"," 2444 Dole St","uhm_admin","1","2024-5-17","73","31","$471.20",,"$471.20",,,,"fy24"
"6423941420","EW Dole","2566 DOLE ST","uhm_admin","1","2024-5-17","8890","31","$51,668.03",,"$51,668.03",,,,"fy24"
"8821362865","Waialae Gate","2800 KALELE RD","uhm_admin","1","2024-5-17","0","31","$47.80",,"$47.80",,,,"fy24"
"34775567","Stan Sheriff Center","2421 DOLE ST","uhm_admin","1","2024-5-17","842","30","$4,989.63",,"$4,989.63",,,,"fy24"
"9327860114","Bachman","2446 DOLE ST","uhm_admin","1","2024-5-17","0","31","$58.23",,"$58.23",,,,"fy24"
"8895599400","LC1 LC4 Temp Building","1490 UNIVERSITY AVE","uhm_admin","1","2024-5-17","26","31","$198.60",,"$198.60",,,,"fy24"
"1351227019","Law School bill but it  serves Building 171F, Makai Portables, and the Air Force & Army ROTC Bldgs","2750 VARSITY PL","uhm_admin","1","2024-5-17","56","31","$372.60",,"$372.60",,,,"fy24"
"6073360529","Law School","2505 DOLE ST","uhm_admin","1","2024-5-17","38","30","$268.20",,"$268.20",,,,"fy24"
"2120007870","Magoon","2717 WOODLAWN DR","uhm_admin","1","2024-5-17","237","31","$1,422.40",,"$1,422.40",,,,"fy24"
"9045013999","Bilger Hall","2545 THE MALL","uhm_admin","1","2024-5-17","0","31","$58.91",,"$58.91",,,,"fy24"
"5999861532","Campus Center","2505 CAMPUS RD","uhm_admin","1","2024-5-17","0","31","$47.80",,"$47.80",,,,"fy24"
"1970024388","Hawaii Hall AFS","2444 DOLE ST","uhm_admin","1","2024-5-17","0","31","$8.79",,"$8.79",,,,"fy24"
"5867595493","Makai Campus","1590 UNIVERSITY AVE","uhm_admin","1","2024-5-17","0","30","$112.11",,"$112.11",,,,"fy24"
"9106985821","College of Education","1726 UNIVERSITY AVE","uhm_admin","1","2024-5-16","373","31","$2,275.51",,"$2,275.51",,,,"fy24"
"1526984921","Frear Hall","2568 DOLE ST","student_housing","1","2024-5-17","980","31","$5,790.03",,"$5,790.03",,,,"fy24"
"5753055064","College of Ed Metcalf","2329 METCALF ST","uhm_admin","1","2024-5-17","251","32","$1,514.71",,"$1,514.71",,,,"fy24"
"9149298847","Music Building","1512 UNIVERSITY AVE","uhm_admin","1","2024-5-17","29","31","$216.00",,"$216.00",,,,"fy24"
"9574993565","Sinclair Library ","2405 CAMPUS RD","uhm_admin","1","2024-5-17","566","31","$3,330.60",,"$3,330.60",,,,"fy24"
"2075731490","Hawaii Quad","2560 CAMPUS RD","uhm_admin","1","2024-5-17","346","31","$2,118.91",,"$2,118.91",,,,"fy24"
"4510777068","Hemenway Area","2415 CAMPUS RD","uhm_admin","1","2024-5-17","66","31","$401.95",,"$401.95",,,,"fy24"
"3436873877","Keller Hall","2565 THE MALL","uhm_admin","1","2024-5-17","228","31","$1,381.31",,"$1,381.31",,,,"fy24"
"9282831505","East West 12 Main","2444 DOLE ST","uhm_admin","1","2024-5-17","6349","31","$37,433.12",,"$37,433.12",,,,"fy24"
"3660930616","Bachman Area","1635 UNIVERSITY AVE","uhm_admin","1","2024-5-17","111","31","$691.60",,"$691.60",,,,"fy24"
"3196583104","ACM (will be torn down soon)","2340 DOLE ST","uhm_admin","1","2024-5-16","0","31","$95.60",,"$95.60",,,,"fy24"
"7308357431","Magoon","2727 WOODLAWN DR","uhm_admin","1","2024-5-17","24","31","$158.35",,"$158.35",,,,"fy24"
"7090938420","Bachman Hall","2444 DOLE ST","uhm_admin","1","2024-5-17","0","31","$31.28",,"$31.28",,,,"fy24"
"6395697372","Parking structure ","2525 DOLE ST","uhm_admin","1","2024-6-19","3435","63","$20,029.03",,"$20,029.03",,,,"fy24"
"1526984921","Frear Hall","2568 DOLE ST","student_housing","1","2024-6-17","842","31","$4,989.63","$10,642.97","$4,989.63","$10,642.97","$16,942.30","$15,632.60","fy24"
"7540143529","Hale Anuenue","2741 VARSITY PL","student_housing","0","2024-6-19","192","33","$1,549.18","$2,581.17","$1,203.79","$1,566.07","$0.00","$2,769.86","fy24"
"311848343","Institute for Astronomy ","2680 WOODLAWN DR","uhm_admin","1","2024-6-17","124","3","$767.00","$2,319.57","$767.00","$2,319.57","$3,123.66","$3,086.57","fy24"
"7923743424","Johnson Hall","2555 DOLE ST","student_housing","1","2024-6-17","393","31","$5,112.08","$5,903.16","$2,396.54","$2,849.72","$0.00","$5,246.26","fy24"
"5999861532","Campus Center","2505 CAMPUS RD","uhm_admin","1","2024-6-17","0","31","$47.80",,"$47.80",,,,"fy24"
"7090938420","Bachman Hall","2444 DOLE ST","uhm_admin","1","2024-6-17","0","31","$31.28",,"$31.28",,,,"fy24"
"9045013999","Bilger Hall","2545 THE MALL","uhm_admin","1","2024-6-17","0","31","$58.91",,"$58.91",,,,"fy24"
"1970024388","Hawaii Hall AFS","2444 DOLE ST","uhm_admin","1","2024-6-17","0","31","$8.79",,"$8.79",,,,"fy24"
"9149298847","Music Building","1512 UNIVERSITY AVE","uhm_admin","1","2024-6-17","22","31","$175.40",,"$175.40",,,,"fy24"
"9574993565","Sinclair Library ","2405 CAMPUS RD","uhm_admin","1","2024-6-17","747","31","$4,380.40",,"$4,380.40",,,,"fy24"
"6423941420","EW Dole","2566 DOLE ST","uhm_admin","1","2024-6-17","7224","31","$42,005.23",,"$42,005.23",,,,"fy24"
"5753055064","College of Ed Metcalf","2329 METCALF ST","uhm_admin","1","2024-6-15","95","29","$609.91",,"$609.91",,,,"fy24"
"5867595493","Makai Campus","1590 UNIVERSITY AVE","uhm_admin","1","2024-6-19","0","33","$112.11",,"$112.11",,,,"fy24"
"9106985821","College of Education","1726 UNIVERSITY AVE","uhm_admin","1","2024-6-15","299","30","$1,846.31",,"$1,846.31",,,,"fy24"
"6073360529","Law School","2505 DOLE ST","uhm_admin","1","2024-6-19","11","33","$111.60",,"$111.60",,,,"fy24"
"9327860114","Bachman","2446 DOLE ST","uhm_admin","1","2024-6-17","0","31","$58.23",,"$58.23",,,,"fy24"
"6866598284","Music Dept ph1","2421 DOLE ST","uhm_admin","1","2024-6-17","256","62","$1,596.91",,"$1,596.91",,,,"fy24"
"8821362865","Waialae Gate","2800 KALELE RD","uhm_admin","1","2024-6-17","0","31","$47.80",,"$47.80",,,,"fy24"
"3436873877","Keller Hall","2565 THE MALL","uhm_admin","1","2024-6-17","208","31","$1,265.31",,"$1,265.31",,,,"fy24"
"828232769","UHM PRI","2500 DOLE ST","uhm_admin","1","2024-6-17","49","31","$332.00",,"$332.00",,,,"fy24"
"3660930616","Bachman Area","1635 UNIVERSITY AVE","uhm_admin","1","2024-6-17","71","31","$459.60",,"$459.60",,,,"fy24"
"2075731490","Hawaii Quad","2560 CAMPUS RD","uhm_admin","1","2024-6-17","348","31","$2,130.51",,"$2,130.51",,,,"fy24"
"34775567","Stan Sheriff Center","2421 DOLE ST","uhm_admin","1","2024-6-19","1040","33","$6,138.03",,"$6,138.03",,,,"fy24"
"2120007870","Magoon","2717 WOODLAWN DR","uhm_admin","1","2024-6-17","204","31","$1,231.00",,"$1,231.00",,,,"fy24"
"1351227019","Law School bill but it  serves Building 171F, Makai Portables, and the Air Force & Army ROTC Bldgs","2750 VARSITY PL","uhm_admin","1","2024-6-17","52","31","$349.40",,"$349.40",,,,"fy24"
"8895599400","LC1 LC4 Temp Building","1490 UNIVERSITY AVE","uhm_admin","1","2024-6-17","30","31","$221.80",,"$221.80",,,,"fy24"
"1015515136","Bachman Hall"," 2444 Dole St","uhm_admin","1","2024-6-17","49","31","$332.00",,"$332.00",,,,"fy24"
"3196583104","ACM (will be torn down soon)","2340 DOLE ST","uhm_admin","1","2024-6-16","0","31","$95.60",,"$95.60",,,,"fy24"
"6588641878","Castle Memorial Building","1776 UNIVERSITY AVE","uhm_admin","1","2024-6-15","0","30","$106.03",,"$106.03",,,,"fy24"
"4510777068","Hemenway Area","2415 CAMPUS RD","uhm_admin","1","2024-6-17","37","31","$233.75",,"$233.75",,,,"fy24"
"7418239794","Dole St. Parking Structure","2645 DOLE ST","uhm_admin","1","2024-6-17","0","31","$16.81",,"$16.81",,,,"fy24"
"7714052806","Hamiliton Library ","2444 DOLE ST","uhm_admin","1","2024-6-19","1893","63","$11,085.43",,"$11,085.43",,,,"fy24"
"3552088266","Magoon","2719 WOODLAWN DR","uhm_admin","1","2024-6-17","0","31","$31.28",,"$31.28",,,,"fy24"
"702227448","College Hill","2234 KAMEHAMEHA AVE","uhm_admin","1","2024-6-15","108","30","$922.71",,"$922.71",,,,"fy24"
"9282831505","East West 12 Main","2444 DOLE ST","uhm_admin","1","2024-6-17","5885","31","$34,741.92",,"$34,741.92",,,,"fy24"
"2512030535","Hawaiian Studies","2645 DOLE ST","uhm_admin","1","2024-6-17","712","31","$4,177.40",,"$4,177.40",,,,"fy24"
"7308357431","Magoon","2727 WOODLAWN DR","uhm_admin","1","2024-6-18","19","32","$129.35","$147.00","$129.35","$147.00","$323.87","$276.35","fy24"
"1351227019","Law School bill but it  serves Building 171F, Makai Portables, and the Air Force & Army ROTC Bldgs","2750 VARSITY PL","uhm_admin","1","2024-7-16","58","29","$384.20","$833.38","$384.20","$833.38","$1,164.26","$1,217.58","fy25"
"7714052806","Hamiliton Library ","2444 DOLE ST","uhm_admin","1","2024-7-18","993","29","$5,865.43","$17,169.92","$5,865.43","$17,169.92","$19,786.02","$23,035.35","fy25"
"6395697372","Parking structure ","2525 DOLE ST","uhm_admin","1","2024-7-18","1435","29","$8,429.03","$92,481.44","$8,429.03","$92,481.44","$111,950.20","$100,910.47","fy25"
"6073360529","Law School","2505 DOLE ST","uhm_admin","1","2024-7-18","18","29","$152.20","$452.57","$152.20","$452.57","$541.02","$604.77","fy25"
"5867595493","Makai Campus","1590 UNIVERSITY AVE","uhm_admin","1","2024-7-18","0","29","$112.11","$77.55","$112.11","$77.55","$189.66","$189.66","fy25"
"34775567","Stan Sheriff Center","2421 DOLE ST","uhm_admin","1","2024-7-18","623","29","$3,719.43","$12,309.69","$3,719.43","$12,309.69","$19,994.14","$16,029.12","fy25"
"9574993565","Sinclair Library ","2405 CAMPUS RD","uhm_admin","1","2024-7-16","669","29","$3,928.00","$7,052.50","$3,928.00","$7,052.50","$11,724.59","$10,980.50","fy25"
"9327860114","Bachman","2446 DOLE ST","uhm_admin","1","2024-7-16","0","29","$58.23","$0.00","$58.23","$0.00","$58.23","$58.23","fy25"
"9282831505","East West 12 Main","2444 DOLE ST","uhm_admin","1","2024-7-16","5266","29","$31,151.72","$89,533.84","$31,151.72","$89,533.84","$126,567.61","$120,685.56","fy25"
"9149298847","Music Building","1512 UNIVERSITY AVE","uhm_admin","1","2024-7-16","20","29","$163.80","$461.83","$163.80","$461.83","$646.49","$625.63","fy25"
"702227448","College Hill","2234 KAMEHAMEHA AVE","uhm_admin","1","2024-7-15","102","30","$857.01","$457.21","$857.01","$457.21","$1,398.44","$1,314.22","fy25"
"9045013999","Bilger Hall","2545 THE MALL","uhm_admin","1","2024-7-16","0","29","$58.91","$77.55","$58.91","$77.55","$136.46","$136.46","fy25"
"8895599400","LC1 LC4 Temp Building","1490 UNIVERSITY AVE","uhm_admin","1","2024-7-16","25","29","$192.80","$1,178.30","$192.80","$1,178.30","$1,418.62","$1,371.10","fy25"
"8821362865","Waialae Gate","2800 KALELE RD","uhm_admin","1","2024-7-16","0","29","$47.80","$0.00","$47.80","$0.00","$95.60","$47.80","fy25"
"7418239794","Dole St. Parking Structure","2645 DOLE ST","uhm_admin","1","2024-7-16","0","29","$75.04","$0.00","$75.04","$0.00","$75.04","$75.04","fy25"
"7308357431","Magoon","2727 WOODLAWN DR","uhm_admin","1","2024-7-16","58","28","$355.55","$290.53","$355.55","$290.53","$0.00","$646.08","fy25"
"7090938420","Bachman Hall","2444 DOLE ST","uhm_admin","1","2024-7-16","0","29","$31.28","$0.00","$31.28","$0.00","$31.28","$31.28","fy25"
"6866598284","Music Dept ph1","2421 DOLE ST","uhm_admin","1","2024-7-16","129","29","$860.31","$1,950.34","$860.31","$1,950.34","$5,591.19","$2,810.65","fy25"
"6423941420","EW Dole","2566 DOLE ST","uhm_admin","1","2024-7-16","6618","29","$38,490.43","$135,252.62","$38,490.43","$135,252.62","$179,503.40","$173,743.05","fy25"
"5999861532","Campus Center","2505 CAMPUS RD","uhm_admin","1","2024-7-16","0","29","$47.80","$1,551.00","$47.80","$1,551.00","$1,598.80","$1,598.80","fy25"
"4510777068","Hemenway Area","2415 CAMPUS RD","uhm_admin","1","2024-7-16","36","29","$227.95","$2,228.12","$227.95","$2,228.12","$2,466.50","$2,456.07","fy25"
"3660930616","Bachman Area","1635 UNIVERSITY AVE","uhm_admin","1","2024-7-16","216","29","$1,300.60","$5,919.29","$1,300.60","$5,919.29","$5,841.81","$7,219.89","fy25"
"3552088266","Magoon","2719 WOODLAWN DR","uhm_admin","1","2024-7-16","0","29","$31.28","$0.00","$31.28","$0.00","$31.28","$31.28","fy25"
"3436873877","Keller Hall","2565 THE MALL","uhm_admin","1","2024-7-16","191","29","$1,166.71","$2,724.69","$1,166.71","$2,724.69","$4,050.19","$3,891.40","fy25"
"2512030535","Hawaiian Studies","2645 DOLE ST","uhm_admin","1","2024-7-16","695","29","$4,137.03","$4,900.78","$4,137.03","$4,900.78","$9,201.23","$9,037.81","fy25"
"2120007870","Magoon","2717 WOODLAWN DR","uhm_admin","1","2024-7-16","218","29","$1,312.20","$3,287.22","$1,312.20","$3,287.22","$4,467.29","$4,599.42","fy25"
"2075731490","Hawaii Quad","2560 CAMPUS RD","uhm_admin","1","2024-7-16","700","29","$4,203.39","$6,858.05","$4,203.39","$6,858.05","$7,714.18","$11,061.44","fy25"
"1970024388","Hawaii Hall AFS","2444 DOLE ST","uhm_admin","1","2024-7-16","0","29","$8.79","$0.00","$8.79","$0.00","$8.79","$8.79","fy25"
"1015515136","Bachman Hall"," 2444 Dole St","uhm_admin","1","2024-7-16","7","29","$88.40","$1,113.48","$88.40","$1,113.48","$1,598.27","$1,201.88","fy25"
"828232769","UHM PRI","2500 DOLE ST","uhm_admin","1","2024-7-16","92","29","$581.40","$1,505.87","$581.40","$1,505.87","$1,675.82","$2,087.27","fy25"
"311848343","Institute for Astronomy ","2680 WOODLAWN DR","uhm_admin","1","2024-7-16","181","29","$1,097.60","$2,532.55","$1,097.60","$2,532.55","$3,086.57","$3,630.15","fy25"
"9106985821","College of Education","1726 UNIVERSITY AVE","uhm_admin","1","2024-7-15","336","30","$2,060.91","$6,131.12","$2,060.91","$6,131.12","$7,838.53","$8,192.03","fy25"
"6588641878","Castle Memorial Building","1776 UNIVERSITY AVE","uhm_admin","1","2024-7-15","0","30","$164.26","$0.00","$164.26","$0.00","$164.26","$164.26","fy25"
"5753055064","College of Ed Metcalf","2329 METCALF ST","uhm_admin","1","2024-7-15","196","30","$1,195.71","$2,929.50","$1,195.71","$2,929.50",,"$4,125.21","fy25"
"3196583104","ACM (will be torn down soon)","2340 DOLE ST","uhm_admin","1","2024-7-15","0","29","$95.60","$310.20","$95.60","$310.20","$405.80","$405.80","fy25"
"7923743424","Johnson Hall","2555 DOLE ST","student_housing","1","2024-7-16","259","29","$1,619.34","$2,354.31","$1,619.34","$2,354.31","$11,015.24","$3,973.65","fy25"
"7540143529","Hale Anuenue","2741 VARSITY PL","student_housing","0","2024-7-16","1","27","$1,645.17","$3,438.85","$95.99","$857.68","$0.00","$953.67","fy25"
"1526984921","Frear Hall","2568 DOLE ST","student_housing","1","2024-7-16","596","29","$8,552.46","$20,373.83","$3,562.83","$9,730.86","$0.00","$13,293.69","fy25"
"8821362865","Waialae Gate","2800 KALELE RD","uhm_admin","1","2024-8-16","0","31","$52.57","$0.00","$52.57","$0.00","$47.80","$52.57","fy25"
"7923743424","Johnson Hall","2555 DOLE ST","student_housing","1","2024-8-15","323","30","$2,189.60","$2,590.44","$2,189.60","$2,590.44","$3,973.65","$4,780.04","fy25"
"5867595493","Makai Campus","1590 UNIVERSITY AVE","uhm_admin","1","2024-8-15","0","28","$123.32","$77.55","$123.32","$77.55","$189.66","$200.87","fy25"
"6073360529","Law School","2505 DOLE ST","uhm_admin","1","2024-8-15","30","28","$243.97","$498.87","$243.97","$498.87","$604.77","$742.84","fy25"
"6395697372","Parking structure ","2525 DOLE ST","uhm_admin","1","2024-8-15","1488","28","$9,610.07","$92,675.90","$9,610.07","$92,675.90","$100,910.47","$102,285.97","fy25"
"6588641878","Castle Memorial Building","1776 UNIVERSITY AVE","uhm_admin","1","2024-8-15","0","31","$180.69","$0.00","$180.69","$0.00","$164.26","$180.69","fy25"
"6866598284","Music Dept ph1","2421 DOLE ST","uhm_admin","1","2024-8-15","113","30","$844.26","$1,890.15","$844.26","$1,890.15","$2,810.65","$2,734.41","fy25"
"7714052806","Hamiliton Library ","2444 DOLE ST","uhm_admin","1","2024-8-15","952","28","$6,190.39","$17,021.76","$6,190.39","$17,021.76","$23,035.35","$23,212.15","fy25"
"9106985821","College of Education","1726 UNIVERSITY AVE","uhm_admin","1","2024-8-15","390","31","$2,611.52","$6,330.21","$2,611.52","$6,330.21","$8,192.03","$8,941.73","fy25"
"828232769","UHM PRI","2500 DOLE ST","uhm_admin","1","2024-8-16","110","31","$754.37","$1,570.69","$754.37","$1,570.69","$2,087.27","$2,325.06","fy25"
"1015515136","Bachman Hall"," 2444 Dole St","uhm_admin","1","2024-8-16","72","31","$511.93","$1,354.24","$511.93","$1,354.24","$1,201.88","$1,866.17","fy25"
"1351227019","Law School bill but it  serves Building 171F, Makai Portables, and the Air Force & Army ROTC Bldgs","2750 VARSITY PL","uhm_admin","1","2024-8-16","54","31","$397.09","$819.49","$397.09","$819.49","$1,217.58","$1,216.58","fy25"
"1970024388","Hawaii Hall AFS","2444 DOLE ST","uhm_admin","1","2024-8-16","0","31","$9.67","$0.00","$9.67","$0.00","$8.79","$9.67","fy25"
"2075731490","Hawaii Quad","2560 CAMPUS RD","uhm_admin","1","2024-8-16","1026","31","$6,703.61","$8,066.48","$6,703.61","$8,066.48","$11,061.44","$14,770.09","fy25"
"2120007870","Magoon","2717 WOODLAWN DR","uhm_admin","1","2024-8-16","226","31","$1,494.45","$3,319.63","$1,494.45","$3,319.63","$4,599.42","$4,814.08","fy25"
"2512030535","Hawaiian Studies","2645 DOLE ST","uhm_admin","1","2024-8-16","795","31","$5,188.73","$5,271.18","$5,188.73","$5,271.18","$9,037.81","$10,459.91","fy25"
"3436873877","Keller Hall","2565 THE MALL","uhm_admin","1","2024-8-16","532","31","$3,458.96","$3,988.68","$3,458.96","$3,988.68","$3,891.40","$7,447.64","fy25"
"3552088266","Magoon","2719 WOODLAWN DR","uhm_admin","1","2024-8-16","0","31","$34.41","$0.00","$34.41","$0.00","$31.28","$34.41","fy25"
"3660930616","Bachman Area","1635 UNIVERSITY AVE","uhm_admin","1","2024-8-16","94","31","$652.29","$5,465.55","$652.29","$5,465.55","$7,219.89","$6,117.84","fy25"
"4510777068","Hemenway Area","2415 CAMPUS RD","uhm_admin","1","2024-8-16","43","31","$295.41","$2,251.27","$295.41","$2,251.27","$2,456.07","$2,546.68","fy25"
"8895599400","LC1 LC4 Temp Building","1490 UNIVERSITY AVE","uhm_admin","1","2024-8-16","32","31","$256.73","$1,206.08","$256.73","$1,206.08","$1,371.10","$1,462.81","fy25"
"9045013999","Bilger Hall","2545 THE MALL","uhm_admin","1","2024-8-16","1","31","$71.18","$82.18","$71.18","$82.18","$136.46","$153.36","fy25"
"9149298847","Music Building","1512 UNIVERSITY AVE","uhm_admin","1","2024-8-16","16","31","$154.65","$447.94","$154.65","$447.94","$625.63","$602.59","fy25"
"9282831505","East West 12 Main","2444 DOLE ST","uhm_admin","1","2024-8-16","6243","31","$40,500.14","$93,149.87","$40,500.14","$93,149.87","$120,685.56","$133,650.01","fy25"
"9327860114","Bachman","2446 DOLE ST","uhm_admin","1","2024-8-16","0","31","$64.06","$0.00","$64.06","$0.00","$58.23","$64.06","fy25"
"702227448","College Hill","2234 KAMEHAMEHA AVE","uhm_admin","1","2024-8-15","149","31","$1,539.43","$628.52","$1,539.43","$628.52","$1,314.22","$2,167.95","fy25"
"1526984921","Frear Hall","2568 DOLE ST","student_housing","1","2024-8-15","951","30","$6,184.01","$11,045.78","$6,184.01","$11,045.78","$28,926.29","$17,229.79","fy25"
"5753055064","College of Ed Metcalf","2329 METCALF ST","uhm_admin","1","2024-8-16","320","32","$2,106.40","$1,805.68","$2,106.40","$1,805.68","$4,125.21","$3,912.08","fy25"
"9574993565","Sinclair Library ","2405 CAMPUS RD","uhm_admin","1","2024-8-16","677","31","$4,371.83","$7,084.91","$4,371.83","$7,084.91","$10,980.50","$11,456.74","fy25"
"3196583104","ACM (will be torn down soon)","2340 DOLE ST","uhm_admin","1","2024-8-15","0","31","$105.14","$310.20","$105.14","$310.20","$405.80","$415.34","fy25"
"6423941420","EW Dole","2566 DOLE ST","uhm_admin","1","2024-8-16","7617","31","$48,713.09","$138,956.62","$48,713.09","$138,956.62","$173,743.05","$187,669.71","fy25"
"311848343","Institute for Astronomy ","2680 WOODLAWN DR","uhm_admin","1","2024-8-15","132","30","$894.73","$2,351.98","$894.73","$2,351.98","$3,630.15","$3,246.71","fy25"
"7540143529","Hale Anuenue","2741 VARSITY PL","student_housing","0","2024-8-16","2","31","$207.96","$1,719.99","$111.97","$862.31","$4,130.35","$974.28","fy25"
"7090938420","Bachman Hall","2444 DOLE ST","uhm_admin","1","2024-8-16","0","31","$34.41","$0.00","$34.41","$0.00","$31.28","$34.41","fy25"
"5999861532","Campus Center","2505 CAMPUS RD","uhm_admin","1","2024-8-16","0","31","$52.57","$1,551.00","$52.57","$1,551.00","$1,598.80","$1,603.57","fy25"
"34775567","Stan Sheriff Center","2421 DOLE ST","uhm_admin","1","2024-8-15","767","28","$5,010.09","$12,846.77","$5,010.09","$12,846.77","$16,029.12","$17,856.86","fy25"
"7308357431","Magoon","2727 WOODLAWN DR","uhm_admin","1","2024-8-16","38","31","$263.51","$216.45","$263.51","$216.45","$922.43","$479.96","fy25"
"7418239794","Dole St. Parking Structure","2645 DOLE ST","uhm_admin","1","2024-8-16","0","31","$82.55","$0.00","$82.55","$0.00","$75.04","$82.55","fy25"
"3196583104","ACM (will be torn down soon)","2340 DOLE ST","uhm_admin","1","2024-9-14","0","30","$105.14","$310.20","$105.14","$310.20","$415.34","$415.34","fy25"
"7923743424","Johnson Hall","2555 DOLE ST","student_housing","1","2024-9-15","354","31","$4,576.98","$5,296.63","$2,387.38","$2,706.19","$0.00","$5,093.57","fy25"
"7714052806","Hamiliton Library ","2444 DOLE ST","uhm_admin","1","2024-9-17","1211","33","$7,842.81","$17,980.17","$7,842.81","$17,980.17","$23,212.15","$25,822.98","fy25"
"6395697372","Parking structure ","2525 DOLE ST","uhm_admin","1","2024-9-17","2167","33","$13,942.09","$95,194.62","$13,942.09","$95,194.62","$102,285.97","$109,136.71","fy25"
"6073360529","Law School","2505 DOLE ST","uhm_admin","1","2024-9-17","30","33","$243.97","$498.87","$243.97","$498.87","$742.84","$742.84","fy25"
"5867595493","Makai Campus","1590 UNIVERSITY AVE","uhm_admin","1","2024-9-17","0","33","$123.32","$77.55","$123.32","$77.55","$200.87","$200.87","fy25"
"34775567","Stan Sheriff Center","2421 DOLE ST","uhm_admin","1","2024-9-17","505","33","$3,338.53","$11,874.47","$3,338.53","$11,874.47","$17,856.86","$15,213.00","fy25"
"9574993565","Sinclair Library ","2405 CAMPUS RD","uhm_admin","1","2024-9-15","391","30","$2,547.15","$6,024.64","$2,547.15","$6,024.64","$0.00","$8,571.79","fy25"
"9327860114","Bachman","2446 DOLE ST","uhm_admin","1","2024-9-15","0","30","$64.06","$0.00","$64.06","$0.00","$0.00","$64.06","fy25"
"9282831505","East West 12 Main","2444 DOLE ST","uhm_admin","1","2024-9-15","6896","30","$44,666.28","$95,571.36","$44,666.28","$95,571.36","$0.00","$140,237.64","fy25"
"9149298847","Music Building","1512 UNIVERSITY AVE","uhm_admin","1","2024-9-15","29","30","$237.59","$494.24","$237.59","$494.24","$0.00","$731.83","fy25"
"9045013999","Bilger Hall","2545 THE MALL","uhm_admin","1","2024-9-15","0","30","$64.80","$77.55","$64.80","$77.55","$0.00","$142.35","fy25"
"8895599400","LC1 LC4 Temp Building","1490 UNIVERSITY AVE","uhm_admin","1","2024-9-15","35","30","$275.87","$1,215.34","$275.87","$1,215.34","$0.00","$1,491.21","fy25"
"8821362865","Waialae Gate","2800 KALELE RD","uhm_admin","1","2024-9-15","0","30","$52.57","$0.00","$52.57","$0.00","$0.00","$52.57","fy25"
"7418239794","Dole St. Parking Structure","2645 DOLE ST","uhm_admin","1","2024-9-15","0","30","$82.55","$0.00","$82.55","$0.00","$0.00","$82.55","fy25"
"7308357431","Magoon","2727 WOODLAWN DR","uhm_admin","1","2024-9-15","45","30","$308.17","$244.23","$308.17","$244.23","$0.00","$552.40","fy25"
"7090938420","Bachman Hall","2444 DOLE ST","uhm_admin","1","2024-9-15","0","30","$34.41","$0.00","$34.41","$0.00","$0.00","$34.41","fy25"
"6866598284","Music Dept ph1","2421 DOLE ST","uhm_admin","1","2024-9-15","183","31","$1,290.86","$2,149.43","$1,290.86","$2,149.43","$0.00","$3,440.29","fy25"
"6423941420","EW Dole","2566 DOLE ST","uhm_admin","1","2024-9-15","9613","30","$61,447.57","$146,346.10","$61,447.57","$146,346.10","$0.00","$207,793.67","fy25"
"5999861532","Campus Center","2505 CAMPUS RD","uhm_admin","1","2024-9-15","0","30","$52.57","$1,551.00","$52.57","$1,551.00","$0.00","$1,603.57","fy25"
"4510777068","Hemenway Area","2415 CAMPUS RD","uhm_admin","1","2024-9-15","71","30","$474.05","$2,357.76","$474.05","$2,357.76","$0.00","$2,831.81","fy25"
"3660930616","Bachman Area","1635 UNIVERSITY AVE","uhm_admin","1","2024-9-15","157","30","$1,054.23","$5,701.68","$1,054.23","$5,701.68","$0.00","$6,755.91","fy25"
"3552088266","Magoon","2719 WOODLAWN DR","uhm_admin","1","2024-9-15","0","30","$34.41","$0.00","$34.41","$0.00","$0.00","$34.41","fy25"
"3436873877","Keller Hall","2565 THE MALL","uhm_admin","1","2024-9-15","493","30","$3,210.14","$3,840.52","$3,210.14","$3,840.52","$0.00","$7,050.66","fy25"
"2512030535","Hawaiian Studies","2645 DOLE ST","uhm_admin","1","2024-9-15","809","30","$5,278.05","$5,322.11","$5,278.05","$5,322.11","$0.00","$10,600.16","fy25"
"2120007870","Magoon","2717 WOODLAWN DR","uhm_admin","1","2024-9-15","251","30","$1,653.95","$3,412.23","$1,653.95","$3,412.23","$0.00","$5,066.18","fy25"
"2075731490","Hawaii Quad","2560 CAMPUS RD","uhm_admin","1","2024-9-15","1270","30","$8,260.33","$8,969.33","$8,260.33","$8,969.33","$0.00","$17,229.66","fy25"
"1970024388","Hawaii Hall AFS","2444 DOLE ST","uhm_admin","1","2024-9-15","0","30","$9.67","$0.00","$9.67","$0.00","$0.00","$9.67","fy25"
"1351227019","Law School bill but it  serves Building 171F, Makai Portables, and the Air Force & Army ROTC Bldgs","2750 VARSITY PL","uhm_admin","1","2024-9-15","63","30","$454.51","$851.90","$454.51","$851.90","$0.00","$1,306.41","fy25"
"1015515136","Bachman Hall"," 2444 Dole St","uhm_admin","1","2024-9-15","71","30","$505.55","$1,349.61","$505.55","$1,349.61","$0.00","$1,855.16","fy25"
"828232769","UHM PRI","2500 DOLE ST","uhm_admin","1","2024-9-15","105","30","$722.47","$1,552.17","$722.47","$1,552.17","$0.00","$2,274.64","fy25"
"311848343","Institute for Astronomy ","2680 WOODLAWN DR","uhm_admin","1","2024-9-15","291","31","$1,909.15","$2,939.99","$1,909.15","$2,939.99","$3,246.71","$4,849.14","fy25"
"9106985821","College of Education","1726 UNIVERSITY AVE","uhm_admin","1","2024-9-14","592","30","$3,900.28","$7,080.27","$3,900.28","$7,080.27","$8,941.73","$10,980.55","fy25"
"6588641878","Castle Memorial Building","1776 UNIVERSITY AVE","uhm_admin","1","2024-9-14","0","30","$180.69","$0.00","$180.69","$0.00","$180.69","$180.69","fy25"
"5753055064","College of Ed Metcalf","2329 METCALF ST","uhm_admin","1","2024-9-14","453","29","$2,954.94","$2,296.46","$2,954.94","$2,296.46","$0.00","$5,251.40","fy25"
"702227448","College Hill","2234 KAMEHAMEHA AVE","uhm_admin","1","2024-9-14","120","30","$1,182.15","$522.03","$1,182.15","$522.03","$2,167.95","$1,704.18","fy25"
"1526984921","Frear Hall","2568 DOLE ST","student_housing","1","2024-9-15","577","31","$9,981.90","$20,707.19","$3,797.89","$9,661.41","$0.00","$13,459.30","fy25"
"7540143529","Hale Anuenue","2741 VARSITY PL","student_housing","0","2024-9-15","46","30","$392.69","$1,024.36","$392.69","$1,024.36","$1,927.95","$1,417.05","fy25"
"1015515136","Bachman Hall"," 2444 Dole St","uhm_admin","1","2024-10-16","20","31","$180.17","$1,159.78","$180.17","$1,159.78","$3,721.33","$1,339.95","fy25"
"828232769","UHM PRI","2500 DOLE ST","uhm_admin","1","2024-10-16","120","31","$818.17","$1,607.73","$818.17","$1,607.73","$4,599.70","$2,425.90","fy25"
"311848343","Institute for Astronomy ","2680 WOODLAWN DR","uhm_admin","1","2024-10-16","228","31","$1,507.21","$2,703.86","$1,507.21","$2,703.86","$4,849.14","$4,211.07","fy25"
"9106985821","College of Education","1726 UNIVERSITY AVE","uhm_admin","1","2024-10-15","486","31","$3,224.00","$6,686.72","$3,224.00","$6,686.72","$10,980.55","$9,910.72","fy25"
"6588641878","Castle Memorial Building","1776 UNIVERSITY AVE","uhm_admin","1","2024-10-15","0","31","$180.69","$0.00","$180.69","$0.00","$180.69","$180.69","fy25"
"5753055064","College of Ed Metcalf","2329 METCALF ST","uhm_admin","1","2024-10-15","327","31","$2,151.06","$1,833.46","$2,151.06","$1,833.46","$9,163.48","$3,984.52","fy25"
"3196583104","ACM (will be torn down soon)","2340 DOLE ST","uhm_admin","1","2024-10-15","0","31","$105.14","$310.20","$105.14","$310.20","$415.34","$415.34","fy25"
"702227448","College Hill","2234 KAMEHAMEHA AVE","uhm_admin","1","2024-10-15","130","31","$1,305.35","$559.07","$1,305.35","$559.07","$1,704.18","$1,864.42","fy25"
"7923743424","Johnson Hall","2555 DOLE ST","student_housing","1","2024-10-17","405","32","$2,712.76","$2,896.02","$2,712.76","$2,896.02","$9,873.61","$5,608.78","fy25"
"7540143529","Hale Anuenue","2741 VARSITY PL","student_housing","0","2024-10-16","61","31","$488.39","$1,079.92","$488.39","$1,079.92","$1,417.05","$1,568.31","fy25"
"1526984921","Frear Hall","2568 DOLE ST","student_housing","1","2024-10-16","1130","31","$7,326.03","$11,707.87","$7,326.03","$11,707.87","$30,689.09","$19,033.90","fy25"
"7714052806","Hamiliton Library ","2444 DOLE ST","uhm_admin","1","2024-10-17","1144","30","$7,415.35","$17,730.15","$7,415.35","$17,730.15","$25,822.98","$25,145.50","fy25"
"6395697372","Parking structure ","2525 DOLE ST","uhm_admin","1","2024-10-17","1847","30","$11,900.49","$94,009.34","$11,900.49","$94,009.34","$109,136.71","$105,909.83","fy25"
"6073360529","Law School","2505 DOLE ST","uhm_admin","1","2024-10-17","67","30","$480.03","$637.77","$480.03","$637.77","$742.84","$1,117.80","fy25"
"5867595493","Makai Campus","1590 UNIVERSITY AVE","uhm_admin","1","2024-10-17","0","30","$123.32","$77.55","$123.32","$77.55","$200.87","$200.87","fy25"
"34775567","Stan Sheriff Center","2421 DOLE ST","uhm_admin","1","2024-10-17","1482","30","$9,571.79","$15,495.13","$9,571.79","$15,495.13","$15,213.00","$25,066.92","fy25"
"9574993565","Sinclair Library ","2405 CAMPUS RD","uhm_admin","1","2024-10-16","796","31","$5,131.05","$7,524.76","$5,131.05","$7,524.76","$20,028.53","$12,655.81","fy25"
"9327860114","Bachman","2446 DOLE ST","uhm_admin","1","2024-10-16","0","31","$64.06","$0.00","$64.06","$0.00","$128.12","$64.06","fy25"
"9282831505","East West 12 Main","2444 DOLE ST","uhm_admin","1","2024-10-16","8661","31","$55,926.98","$102,108.92","$55,926.98","$102,108.92","$440.58","$158,035.90","fy25"
"9149298847","Music Building","1512 UNIVERSITY AVE","uhm_admin","1","2024-10-16","37","31","$288.63","$526.65","$288.63","$526.65","$1,334.42","$815.28","fy25"
"9045013999","Bilger Hall","2545 THE MALL","uhm_admin","1","2024-10-16","0","31","$64.80","$77.55","$64.80","$77.55","$295.71","$142.35","fy25"
"8895599400","LC1 LC4 Temp Building","1490 UNIVERSITY AVE","uhm_admin","1","2024-10-16","48","31","$358.81","$1,261.64","$358.81","$1,261.64","$2,954.02","$1,620.45","fy25"
"8821362865","Waialae Gate","2800 KALELE RD","uhm_admin","1","2024-10-16","0","31","$52.57","$0.00","$52.57","$0.00","$105.14","$52.57","fy25"
"7418239794","Dole St. Parking Structure","2645 DOLE ST","uhm_admin","1","2024-10-16","0","31","$82.55","$0.00","$82.55","$0.00","$165.10","$82.55","fy25"
"7308357431","Magoon","2727 WOODLAWN DR","uhm_admin","1","2024-10-16","62","31","$416.63","$309.05","$416.63","$309.05","$1,032.36","$725.68","fy25"
"7090938420","Bachman Hall","2444 DOLE ST","uhm_admin","1","2024-10-16","0","31","$34.41","$0.00","$34.41","$0.00","$68.82","$34.41","fy25"
"6866598284","Music Dept ph1","2421 DOLE ST","uhm_admin","1","2024-10-16","165","31","$1,176.02","$2,084.61","$1,176.02","$2,084.61","$6,174.70","$3,260.63","fy25"
"6423941420","EW Dole","2566 DOLE ST","uhm_admin","1","2024-10-16","11124","31","$71,087.75","$151,943.77","$71,087.75","$151,943.77","$395,463.38","$223,031.52","fy25"
"5999861532","Campus Center","2505 CAMPUS RD","uhm_admin","1","2024-10-16","0","31","$52.57","$1,551.00","$52.57","$1,551.00","$3,207.14","$1,603.57","fy25"
"4510777068","Hemenway Area","2415 CAMPUS RD","uhm_admin","1","2024-10-16","86","31","$569.75","$2,413.32","$569.75","$2,413.32","$5,378.49","$2,983.07","fy25"
"3660930616","Bachman Area","1635 UNIVERSITY AVE","uhm_admin","1","2024-10-16","370","31","$2,413.17","$6,488.78","$2,413.17","$6,488.78","$12,873.75","$8,901.95","fy25"
"3552088266","Magoon","2719 WOODLAWN DR","uhm_admin","1","2024-10-16","0","31","$34.41","$0.00","$34.41","$0.00","$68.82","$34.41","fy25"
"3436873877","Keller Hall","2565 THE MALL","uhm_admin","1","2024-10-16","395","31","$2,584.90","$3,479.38","$2,584.90","$3,479.38","$14,498.30","$6,064.28","fy25"
"2512030535","Hawaiian Studies","2645 DOLE ST","uhm_admin","1","2024-10-16","812","31","$5,297.19","$5,336.00","$5,297.19","$5,336.00","$21,060.07","$10,633.19","fy25"
"2120007870","Magoon","2717 WOODLAWN DR","uhm_admin","1","2024-10-16","279","31","$1,832.59","$3,514.09","$1,832.59","$3,514.09","$9,880.26","$5,346.68","fy25"
"2075731490","Hawaii Quad","2560 CAMPUS RD","uhm_admin","1","2024-10-16","882","31","$5,784.89","$7,534.03","$5,784.89","$7,534.03","$31,999.75","$13,318.92","fy25"
"1970024388","Hawaii Hall AFS","2444 DOLE ST","uhm_admin","1","2024-10-16","0","31","$9.67","$0.00","$9.67","$0.00","$19.34","$9.67","fy25"
"1351227019","Law School bill but it  serves Building 171F, Makai Portables, and the Air Force & Army ROTC Bldgs","2750 VARSITY PL","uhm_admin","1","2024-10-16","66","31","$473.65","$865.79","$473.65","$865.79","$2,522.99","$1,339.44","fy25"
"2512030535","Hawaiian Studies","2645 DOLE ST","uhm_admin","1","2024-11-17","789","32","$5,150.45","$5,248.03","$5,150.45","$5,248.03","$10,633.19","$10,398.48","fy25"
"2075731490","Hawaii Quad","2560 CAMPUS RD","uhm_admin","1","2024-11-17","727","32","$4,795.99","$6,959.91","$4,795.99","$6,959.91","$13,318.92","$11,755.90","fy25"
"1970024388","Hawaii Hall AFS","2444 DOLE ST","uhm_admin","1","2024-11-17","0","32","$9.67","$0.00","$9.67","$0.00","$9.67","$9.67","fy25"
"1351227019","Law School bill but it  serves Building 171F, Makai Portables, and the Air Force & Army ROTC Bldgs","2750 VARSITY PL","uhm_admin","1","2024-11-17","67","32","$480.03","$870.42","$480.03","$870.42","$1,339.44","$1,350.45","fy25"
"1015515136","Bachman Hall"," 2444 Dole St","uhm_admin","1","2024-11-17","8","32","$103.61","$1,113.48","$103.61","$1,113.48","$1,339.95","$1,217.09","fy25"
"828232769","UHM PRI","2500 DOLE ST","uhm_admin","1","2024-11-17","119","32","$811.79","$1,603.10","$811.79","$1,603.10","$2,425.90","$2,414.89","fy25"
"9106985821","College of Education","1726 UNIVERSITY AVE","uhm_admin","1","2024-11-15","418","31","$2,790.16","$6,432.07","$2,790.16","$6,432.07","$9,910.72","$9,222.23","fy25"
"6588641878","Castle Memorial Building","1776 UNIVERSITY AVE","uhm_admin","1","2024-11-15","0","31","$180.69","$0.00","$180.69","$0.00","$180.69","$180.69","fy25"
"5753055064","College of Ed Metcalf","2329 METCALF ST","uhm_admin","1","2024-11-15","277","31","$1,832.06","$1,648.26","$1,832.06","$1,648.26","$3,984.52","$3,480.32","fy25"
"3196583104","ACM (will be torn down soon)","2340 DOLE ST","uhm_admin","1","2024-11-15","0","31","$105.14","$310.20","$105.14","$310.20","$415.34","$415.34","fy25"
"702227448","College Hill","2234 KAMEHAMEHA AVE","uhm_admin","1","2024-11-15","129","31","$1,293.03","$554.44","$1,293.03","$554.44","$1,864.42","$1,847.47","fy25"
"1526984921","Frear Hall","2568 DOLE ST","student_housing","1","2024-11-19","1077","34","$6,987.89","$11,513.41","$6,987.89","$11,513.41","$19,033.90","$18,501.30","fy25"
"7540143529","Hale Anuenue","2741 VARSITY PL","student_housing","0","2024-11-17","63","32","$989.54","$2,164.47","$501.15","$1,084.55","$0.00","$1,585.70","fy25"
"7923743424","Johnson Hall","2555 DOLE ST","student_housing","1","2024-11-19","433","33","$2,891.40","$2,997.88","$2,891.40","$2,997.88","$5,608.78","$5,889.28","fy25"
"7714052806","Hamiliton Library ","2444 DOLE ST","uhm_admin","1","2024-11-19","1158","33","$7,504.67","$17,781.08","$7,504.67","$17,781.08","$25,145.50","$25,285.75","fy25"
"6866598284","Music Dept ph1","2421 DOLE ST","uhm_admin","1","2024-11-19","171","34","$1,214.30","$2,107.76","$1,214.30","$2,107.76","$3,260.63","$3,322.06","fy25"
"6395697372","Parking structure ","2525 DOLE ST","uhm_admin","1","2024-11-19","1949","33","$12,551.25","$94,384.37","$12,551.25","$94,384.37","$105,909.83","$106,935.62","fy25"
"6073360529","Law School","2505 DOLE ST","uhm_admin","1","2024-11-19","36","33","$282.25","$522.02","$282.25","$522.02","$1,117.80","$804.27","fy25"
"5867595493","Makai Campus","1590 UNIVERSITY AVE","uhm_admin","1","2024-11-19","0","33","$123.32","$77.55","$123.32","$77.55","$200.87","$200.87","fy25"
"311848343","Institute for Astronomy ","2680 WOODLAWN DR","uhm_admin","1","2024-11-19","147","34","$990.43","$2,407.54","$990.43","$2,407.54","$4,211.07","$3,397.97","fy25"
"34775567","Stan Sheriff Center","2421 DOLE ST","uhm_admin","1","2024-11-19","1093","33","$7,089.97","$14,050.57","$7,089.97","$14,050.57","$25,066.92","$21,140.54","fy25"
"9574993565","Sinclair Library ","2405 CAMPUS RD","uhm_admin","1","2024-11-17","619","32","$4,001.79","$6,867.30","$4,001.79","$6,867.30","$12,655.81","$10,869.09","fy25"
"9327860114","Bachman","2446 DOLE ST","uhm_admin","1","2024-11-17","0","32","$64.06","$0.00","$64.06","$0.00","$64.06","$64.06","fy25"
"9282831505","East West 12 Main","2444 DOLE ST","uhm_admin","1","2024-11-17","8515","32","$54,995.50","$101,567.21","$54,995.50","$101,567.21","$158,035.90","$156,562.71","fy25"
"9149298847","Music Building","1512 UNIVERSITY AVE","uhm_admin","1","2024-11-17","33","32","$263.11","$508.13","$263.11","$508.13","$815.28","$771.24","fy25"
"9045013999","Bilger Hall","2545 THE MALL","uhm_admin","1","2024-11-17","0","32","$64.80","$77.55","$64.80","$77.55","$142.35","$142.35","fy25"
"8895599400","LC1 LC4 Temp Building","1490 UNIVERSITY AVE","uhm_admin","1","2024-11-17","61","32","$441.75","$1,312.57","$441.75","$1,312.57","$1,620.45","$1,754.32","fy25"
"8821362865","Waialae Gate","2800 KALELE RD","uhm_admin","1","2024-11-17","0","32","$52.57","$0.00","$52.57","$0.00","$52.57","$52.57","fy25"
"7418239794","Dole St. Parking Structure","2645 DOLE ST","uhm_admin","1","2024-11-17","0","32","$82.55","$0.00","$82.55","$0.00","$82.55","$82.55","fy25"
"7308357431","Magoon","2727 WOODLAWN DR","uhm_admin","1","2024-11-17","55","32","$371.97","$281.27","$371.97","$281.27","$725.68","$653.24","fy25"
"7090938420","Bachman Hall","2444 DOLE ST","uhm_admin","1","2024-11-17","0","32","$34.41","$0.00","$34.41","$0.00","$34.41","$34.41","fy25"
"6423941420","EW Dole","2566 DOLE ST","uhm_admin","1","2024-11-17","10928","32","$69,837.27","$151,216.86","$69,837.27","$151,216.86","$223,031.52","$221,054.13","fy25"
"5999861532","Campus Center","2505 CAMPUS RD","uhm_admin","1","2024-11-17","0","32","$52.57","$1,551.00","$52.57","$1,551.00","$1,603.57","$1,603.57","fy25"
"4510777068","Hemenway Area","2415 CAMPUS RD","uhm_admin","1","2024-11-17","83","32","$550.61","$2,399.43","$550.61","$2,399.43","$2,983.07","$2,950.04","fy25"
"3660930616","Bachman Area","1635 UNIVERSITY AVE","uhm_admin","1","2024-11-17","306","32","$2,004.85","$6,252.65","$2,004.85","$6,252.65","$8,901.95","$8,257.50","fy25"
"3552088266","Magoon","2719 WOODLAWN DR","uhm_admin","1","2024-11-17","0","32","$34.41","$0.00","$34.41","$0.00","$34.41","$34.41","fy25"
"3436873877","Keller Hall","2565 THE MALL","uhm_admin","1","2024-11-17","521","32","$3,388.78","$3,947.01","$3,388.78","$3,947.01","$6,064.28","$7,335.79","fy25"
"2120007870","Magoon","2717 WOODLAWN DR","uhm_admin","1","2024-11-17","216","32","$1,430.65","$3,282.59","$1,430.65","$3,282.59","$5,346.68","$4,713.24","fy25"
"34775567","Stan Sheriff Center","2421 DOLE ST","uhm_admin","1","2024-12-17","817","28","$5,329.09","$13,031.97","$5,329.09","$13,031.97","$21,140.54","$18,361.06","fy25"
"2512030535","Hawaiian Studies","2645 DOLE ST","uhm_admin","1","2024-12-16","595","29","$3,912.73","$4,530.38","$3,912.73","$4,530.38","$10,398.48","$8,443.11","fy25"
"2120007870","Magoon","2717 WOODLAWN DR","uhm_admin","1","2024-12-16","229","29","$1,513.59","$3,328.89","$1,513.59","$3,328.89","$4,713.24","$4,842.48","fy25"
"2075731490","Hawaii Quad","2560 CAMPUS RD","uhm_admin","1","2024-12-16","553","29","$3,685.87","$6,311.71","$3,685.87","$6,311.71","$11,755.90","$9,997.58","fy25"
"1970024388","Hawaii Hall AFS","2444 DOLE ST","uhm_admin","1","2024-12-16","0","29","$9.67","$0.00","$9.67","$0.00","$9.67","$9.67","fy25"
"1351227019","Law School bill but it  serves Building 171F, Makai Portables, and the Air Force & Army ROTC Bldgs","2750 VARSITY PL","uhm_admin","1","2024-12-16","76","29","$537.45","$902.83","$537.45","$902.83","$1,350.45","$1,440.28","fy25"
"1015515136","Bachman Hall"," 2444 Dole St","uhm_admin","1","2024-12-16","3","29","$71.71","$1,094.96","$71.71","$1,094.96","$1,217.09","$1,166.67","fy25"
"828232769","UHM PRI","2500 DOLE ST","uhm_admin","1","2024-12-16","112","29","$767.13","$1,579.95","$767.13","$1,579.95","$2,414.89","$2,347.08","fy25"
"311848343","Institute for Astronomy ","2680 WOODLAWN DR","uhm_admin","1","2024-12-16","97","27","$671.43","$2,222.34","$671.43","$2,222.34","$3,397.97","$2,893.77","fy25"
"9106985821","College of Education","1726 UNIVERSITY AVE","uhm_admin","1","2024-12-15","450","30","$2,994.32","$6,552.45","$2,994.32","$6,552.45","$9,222.23","$9,546.77","fy25"
"6073360529","Law School","2505 DOLE ST","uhm_admin","1","2024-12-17","33","28","$263.11","$508.13","$263.11","$508.13","$804.27","$771.24","fy25"
"3552088266","Magoon","2719 WOODLAWN DR","uhm_admin","1","2024-12-16","0","29","$34.41","$0.00","$34.41","$0.00","$34.41","$34.41","fy25"
"3660930616","Bachman Area","1635 UNIVERSITY AVE","uhm_admin","1","2024-12-16","241","29","$1,590.15","$6,011.89","$1,590.15","$6,011.89","$8,257.50","$7,602.04","fy25"
"4510777068","Hemenway Area","2415 CAMPUS RD","uhm_admin","1","2024-12-16","69","29","$461.29","$2,348.50","$461.29","$2,348.50","$2,950.04","$2,809.79","fy25"
"5999861532","Campus Center","2505 CAMPUS RD","uhm_admin","1","2024-12-16","0","29","$52.57","$1,551.00","$52.57","$1,551.00","$1,603.57","$1,603.57","fy25"
"6395697372","Parking structure ","2525 DOLE ST","uhm_admin","1","2024-12-17","1596","28","$10,299.11","$93,078.71","$10,299.11","$93,078.71","$106,935.62","$103,377.82","fy25"
"3436873877","Keller Hall","2565 THE MALL","uhm_admin","1","2024-12-16","456","29","$2,974.08","$3,706.25","$2,974.08","$3,706.25","$7,335.79","$6,680.33","fy25"
"6588641878","Castle Memorial Building","1776 UNIVERSITY AVE","uhm_admin","1","2024-12-15","0","30","$180.69","$0.00","$180.69","$0.00","$180.69","$180.69","fy25"
"1526984921","Frear Hall","2568 DOLE ST","student_housing","1","2024-12-16","866","27","$12,629.60","$22,244.35","$5,641.71","$10,730.94","$0.00","$16,372.65","fy25"
"6423941420","EW Dole","2566 DOLE ST","uhm_admin","1","2024-12-16","9072","29","$57,995.99","$144,345.94","$57,995.99","$144,345.94","$221,054.13","$202,341.93","fy25"
"6866598284","Music Dept ph1","2421 DOLE ST","uhm_admin","1","2024-12-16","168","27","$1,195.16","$2,093.87","$1,195.16","$2,093.87","$3,322.06","$3,289.03","fy25"
"7090938420","Bachman Hall","2444 DOLE ST","uhm_admin","1","2024-12-16","0","29","$34.41","$0.00","$34.41","$0.00","$34.41","$34.41","fy25"
"7308357431","Magoon","2727 WOODLAWN DR","uhm_admin","1","2024-12-16","32","29","$225.23","$197.93","$225.23","$197.93","$653.24","$423.16","fy25"
"7714052806","Hamiliton Library ","2444 DOLE ST","uhm_admin","1","2024-12-17","952","28","$6,190.39","$17,021.76","$6,190.39","$17,021.76","$25,285.75","$23,212.15","fy25"
"5867595493","Makai Campus","1590 UNIVERSITY AVE","uhm_admin","1","2024-12-17","0","28","$123.32","$77.55","$123.32","$77.55","$200.87","$200.87","fy25"
"3196583104","ACM (will be torn down soon)","2340 DOLE ST","uhm_admin","1","2024-12-15","0","30","$105.14","$310.20","$105.14","$310.20","$415.34","$415.34","fy25"
"7540143529","Hale Anuenue","2741 VARSITY PL","student_housing","0","2024-12-16","52","29","$932.12","$2,132.06","$430.97","$1,047.51","$1,568.31","$1,478.48","fy25"
"7418239794","Dole St. Parking Structure","2645 DOLE ST","uhm_admin","1","2024-12-16","9","29","$139.97","$0.00","$139.97","$0.00","$82.55","$139.97","fy25"
"8821362865","Waialae Gate","2800 KALELE RD","uhm_admin","1","2024-12-16","0","29","$52.57","$0.00","$52.57","$0.00","$52.57","$52.57","fy25"
"8895599400","LC1 LC4 Temp Building","1490 UNIVERSITY AVE","uhm_admin","1","2024-12-16","51","29","$377.95","$1,275.53","$377.95","$1,275.53","$1,754.32","$1,653.48","fy25"
"9045013999","Bilger Hall","2545 THE MALL","uhm_admin","1","2024-12-16","0","29","$64.80","$77.55","$64.80","$77.55","$142.35","$142.35","fy25"
"9149298847","Music Building","1512 UNIVERSITY AVE","uhm_admin","1","2024-12-16","24","29","$205.69","$475.72","$205.69","$475.72","$771.24","$681.41","fy25"
"9282831505","East West 12 Main","2444 DOLE ST","uhm_admin","1","2024-12-16","5829","29","$37,858.82","$91,617.34","$37,858.82","$91,617.34","$156,562.71","$129,476.16","fy25"
"702227448","College Hill","2234 KAMEHAMEHA AVE","uhm_admin","1","2024-12-15","132","30","$1,329.99","$568.33","$1,329.99","$568.33","$1,847.47","$1,898.32","fy25"
"5753055064","College of Ed Metcalf","2329 METCALF ST","uhm_admin","1","2024-12-17","398","32","$2,604.04","$2,092.74","$2,604.04","$2,092.74","$3,480.32","$4,696.78","fy25"
"9327860114","Bachman","2446 DOLE ST","uhm_admin","1","2024-12-16","0","29","$64.06","$0.00","$64.06","$0.00","$64.06","$64.06","fy25"
"9574993565","Sinclair Library ","2405 CAMPUS RD","uhm_admin","1","2024-12-16","511","29","$3,312.75","$6,469.12","$3,312.75","$6,469.12","$10,869.09","$9,781.87","fy25"
"9149298847","Music Building","1512 UNIVERSITY AVE","uhm_admin","1","2025-1-15","12","30","$129.13","$434.05","$129.13","$434.05","$681.41","$563.18","fy25"
"3196583104","ACM (will be torn down soon)","2340 DOLE ST","uhm_admin","1","2025-1-13","0","29","$105.14","$310.20","$105.14","$310.20","$415.34","$415.34","fy25"
"5753055064","College of Ed Metcalf","2329 METCALF ST","uhm_admin","1","2025-1-13","181","27","$1,219.58","$1,291.75","$1,219.58","$1,291.75","$4,696.78","$2,511.33","fy25"
"6588641878","Castle Memorial Building","1776 UNIVERSITY AVE","uhm_admin","1","2025-1-13","0","29","$180.69","$0.00","$180.69","$0.00","$180.69","$180.69","fy25"
"9106985821","College of Education","1726 UNIVERSITY AVE","uhm_admin","1","2025-1-13","419","29","$2,796.54","$6,436.70","$2,796.54","$6,436.70","$9,546.77","$9,233.24","fy25"
"828232769","UHM PRI","2500 DOLE ST","uhm_admin","1","2025-1-15","121","30","$824.55","$1,612.36","$824.55","$1,612.36","$2,347.08","$2,436.91","fy25"
"1015515136","Bachman Hall"," 2444 Dole St","uhm_admin","1","2025-1-15","7","30","$97.23","$1,113.48","$97.23","$1,113.48","$1,166.67","$1,210.71","fy25"
"1351227019","Law School bill but it  serves Building 171F, Makai Portables, and the Air Force & Army ROTC Bldgs","2750 VARSITY PL","uhm_admin","1","2025-1-15","65","30","$467.27","$861.16","$467.27","$861.16","$1,440.28","$1,328.43","fy25"
"1970024388","Hawaii Hall AFS","2444 DOLE ST","uhm_admin","1","2025-1-15","0","30","$9.67","$0.00","$9.67","$0.00","$9.67","$9.67","fy25"
"2075731490","Hawaii Quad","2560 CAMPUS RD","uhm_admin","1","2025-1-15","508","30","$3,398.77","$6,145.03","$3,398.77","$6,145.03","$9,997.58","$9,543.80","fy25"
"2120007870","Magoon","2717 WOODLAWN DR","uhm_admin","1","2025-1-15","188","30","$1,252.01","$3,176.10","$1,252.01","$3,176.10","$4,842.48","$4,428.11","fy25"
"2512030535","Hawaiian Studies","2645 DOLE ST","uhm_admin","1","2025-1-15","537","30","$3,542.69","$4,317.40","$3,542.69","$4,317.40","$8,443.11","$7,860.09","fy25"
"3436873877","Keller Hall","2565 THE MALL","uhm_admin","1","2025-1-15","341","30","$2,240.38","$3,280.29","$2,240.38","$3,280.29","$0.00","$5,520.67","fy25"
"3552088266","Magoon","2719 WOODLAWN DR","uhm_admin","1","2025-1-15","0","30","$34.41","$0.00","$34.41","$0.00","$34.41","$34.41","fy25"
"3660930616","Bachman Area","1635 UNIVERSITY AVE","uhm_admin","1","2025-1-15","245","30","$1,615.67","$6,025.78","$1,615.67","$6,025.78","$7,602.04","$7,641.45","fy25"
"4510777068","Hemenway Area","2415 CAMPUS RD","uhm_admin","1","2025-1-15","51","30","$346.45","$2,283.68","$346.45","$2,283.68","$2,809.79","$2,630.13","fy25"
"5999861532","Campus Center","2505 CAMPUS RD","uhm_admin","1","2025-1-15","234","30","$1,545.49","$2,416.81","$1,545.49","$2,416.81","$1,603.57","$3,962.30","fy25"
"6073360529","Law School","2505 DOLE ST","uhm_admin","1","2025-1-15","55","29","$403.47","$591.47","$403.47","$591.47","$771.24","$994.94","fy25"
"6423941420","EW Dole","2566 DOLE ST","uhm_admin","1","2025-1-15","7368","30","$47,124.47","$138,030.62","$47,124.47","$138,030.62","$202,341.93","$185,155.09","fy25"
"6866598284","Music Dept ph1","2421 DOLE ST","uhm_admin","1","2025-1-15","59","30","$1,694.90","$3,784.93","$499.74","$1,691.06","$0.00","$2,190.80","fy25"
"7090938420","Bachman Hall","2444 DOLE ST","uhm_admin","1","2025-1-15","0","30","$34.41","$0.00","$34.41","$0.00","$34.41","$34.41","fy25"
"7308357431","Magoon","2727 WOODLAWN DR","uhm_admin","1","2025-1-15","19","30","$142.29","$147.00","$142.29","$147.00","$423.16","$289.29","fy25"
"7418239794","Dole St. Parking Structure","2645 DOLE ST","uhm_admin","1","2025-1-15","1","30","$88.93","$0.00","$88.93","$0.00","$139.97","$88.93","fy25"
"8821362865","Waialae Gate","2800 KALELE RD","uhm_admin","1","2025-1-15","0","30","$52.57","$0.00","$52.57","$0.00","$52.57","$52.57","fy25"
"8895599400","LC1 LC4 Temp Building","1490 UNIVERSITY AVE","uhm_admin","1","2025-1-15","57","30","$416.23","$1,298.68","$416.23","$1,298.68","$1,653.48","$1,714.91","fy25"
"9045013999","Bilger Hall","2545 THE MALL","uhm_admin","1","2025-1-15","0","30","$64.80","$77.55","$64.80","$77.55","$142.35","$142.35","fy25"
"9282831505","East West 12 Main","2444 DOLE ST","uhm_admin","1","2025-1-15","5435","30","$35,345.10","$90,158.89","$35,345.10","$90,158.89","$129,476.16","$125,503.99","fy25"
"9327860114","Bachman","2446 DOLE ST","uhm_admin","1","2025-1-15","0","30","$64.06","$0.00","$64.06","$0.00","$64.06","$64.06","fy25"
"9574993565","Sinclair Library ","2405 CAMPUS RD","uhm_admin","1","2025-1-15","628","30","$4,059.21","$6,899.71","$4,059.21","$6,899.71","$9,781.87","$10,958.92","fy25"
"311848343","Institute for Astronomy ","2680 WOODLAWN DR","uhm_admin","1","2025-1-16","108","31","$741.61","$2,259.38","$741.61","$2,259.38","$2,893.77","$3,000.99","fy25"
"702227448","College Hill","2234 KAMEHAMEHA AVE","uhm_admin","1","2025-1-16","143","32","$1,465.51","$605.37","$1,465.51","$605.37","$1,898.32","$2,070.88","fy25"
"34775567","Stan Sheriff Center","2421 DOLE ST","uhm_admin","1","2025-1-17","1039","31","$6,745.45","$13,851.48","$6,745.45","$13,851.48","$18,361.06","$20,596.93","fy25"
"5867595493","Makai Campus","1590 UNIVERSITY AVE","uhm_admin","1","2025-1-17","0","31","$123.32","$77.55","$123.32","$77.55","$200.87","$200.87","fy25"
"6395697372","Parking structure ","2525 DOLE ST","uhm_admin","1","2025-1-17","1598","31","$10,311.87","$93,083.34","$10,311.87","$93,083.34","$103,377.82","$103,395.21","fy25"
"7714052806","Hamiliton Library ","2444 DOLE ST","uhm_admin","1","2025-1-17","937","31","$6,094.69","$16,966.20","$6,094.69","$16,966.20","$23,212.15","$23,060.89","fy25"
"1526984921","Frear Hall","2568 DOLE ST","student_housing","1","2025-1-17","771","32","$5,035.61","$10,379.06","$5,035.61","$10,379.06","$34,873.95","$15,414.67","fy25"
"7540143529","Hale Anuenue","2741 VARSITY PL","student_housing","0","2025-1-15","26","30","$265.09","$950.28","$265.09","$950.28","$3,064.18","$1,215.37","fy25"
"7923743424","Johnson Hall","2555 DOLE ST","student_housing","1","2025-1-17","700","59","$4,594.86","$5,338.16","$4,594.86","$5,338.16","$5,889.28","$9,933.02","fy25"
"5867595493","Makai Campus","1590 UNIVERSITY AVE","uhm_admin","1","2025-2-18","0","32","$123.32","$77.55","$123.32","$77.55","$200.87","$200.87","fy25"
"9149298847","Music Building","1512 UNIVERSITY AVE","uhm_admin","1","2025-2-15","22","31","$192.93","$471.09","$192.93","$471.09","$563.18","$664.02","fy25"
"9045013999","Bilger Hall","2545 THE MALL","uhm_admin","1","2025-2-15","0","31","$64.80","$77.55","$64.80","$77.55","$142.35","$142.35","fy25"
"8895599400","LC1 LC4 Temp Building","1490 UNIVERSITY AVE","uhm_admin","1","2025-2-15","51","31","$377.95","$1,275.53","$377.95","$1,275.53","$1,714.91","$1,653.48","fy25"
"8821362865","Waialae Gate","2800 KALELE RD","uhm_admin","1","2025-2-15","0","31","$52.57","$0.00","$52.57","$0.00","$52.57","$52.57","fy25"
"7418239794","Dole St. Parking Structure","2645 DOLE ST","uhm_admin","1","2025-2-15","1","31","$88.93","$0.00","$88.93","$0.00","$88.93","$88.93","fy25"
"7308357431","Magoon","2727 WOODLAWN DR","uhm_admin","1","2025-2-15","57","31","$384.73","$290.53","$384.73","$290.53","$289.29","$675.26","fy25"
"7090938420","Bachman Hall","2444 DOLE ST","uhm_admin","1","2025-2-15","0","31","$34.41","$0.00","$34.41","$0.00","$34.41","$34.41","fy25"
"6866598284","Music Dept ph1","2421 DOLE ST","uhm_admin","1","2025-2-15","108","31","$812.36","$1,871.63","$812.36","$1,871.63","$5,479.83","$2,683.99","fy25"
"6423941420","EW Dole","2566 DOLE ST","uhm_admin","1","2025-2-15","8572","31","$54,805.99","$142,493.94","$54,805.99","$142,493.94","$185,155.09","$197,299.93","fy25"
"5999861532","Campus Center","2505 CAMPUS RD","uhm_admin","1","2025-2-15","1120","31","$7,198.17","$5,699.48","$7,198.17","$5,699.48","$3,962.30","$12,897.65","fy25"
"4510777068","Hemenway Area","2415 CAMPUS RD","uhm_admin","1","2025-2-15","79","31","$525.09","$2,385.54","$525.09","$2,385.54","$2,630.13","$2,910.63","fy25"
"3660930616","Bachman Area","1635 UNIVERSITY AVE","uhm_admin","1","2025-2-15","112","31","$767.13","$5,535.00","$767.13","$5,535.00","$7,641.45","$6,302.13","fy25"
"3552088266","Magoon","2719 WOODLAWN DR","uhm_admin","1","2025-2-15","0","31","$34.41","$0.00","$34.41","$0.00","$34.41","$34.41","fy25"
"3436873877","Keller Hall","2565 THE MALL","uhm_admin","1","2025-2-15","320","31","$4,863.06","$7,125.25","$2,622.68","$3,844.96","$5,520.67","$5,307.98","fy25"
"2512030535","Hawaiian Studies","2645 DOLE ST","uhm_admin","1","2025-2-15","543","31","$3,580.97","$4,335.92","$3,580.97","$4,335.92","$7,860.09","$7,916.89","fy25"
"1015515136","Bachman Hall"," 2444 Dole St","uhm_admin","1","2025-2-15","10","31","$116.37","$1,122.74","$116.37","$1,122.74","$1,210.71","$1,239.11","fy25"
"2120007870","Magoon","2717 WOODLAWN DR","uhm_admin","1","2025-2-15","180","31","$1,200.97","$3,148.32","$1,200.97","$3,148.32","$4,428.11","$4,349.29","fy25"
"6073360529","Law School","2505 DOLE ST","uhm_admin","1","2025-2-18","35","34","$275.87","$517.39","$275.87","$517.39","$994.94","$793.26","fy25"
"2075731490","Hawaii Quad","2560 CAMPUS RD","uhm_admin","1","2025-2-15","575","31","$3,826.23","$6,395.05","$3,826.23","$6,395.05","$9,543.80","$10,221.28","fy25"
"1970024388","Hawaii Hall AFS","2444 DOLE ST","uhm_admin","1","2025-2-15","0","31","$9.67","$0.00","$9.67","$0.00","$9.67","$9.67","fy25"
"1351227019","Law School bill but it  serves Building 171F, Makai Portables, and the Air Force & Army ROTC Bldgs","2750 VARSITY PL","uhm_admin","1","2025-2-15","86","31","$601.25","$939.87","$601.25","$939.87","$1,328.43","$1,541.12","fy25"
"1526984921","Frear Hall","2568 DOLE ST","student_housing","1","2025-2-15","1034","29","$11,749.16","$21,730.42","$6,713.55","$11,351.36","$0.00","$18,064.91","fy25"
"9574993565","Sinclair Library ","2405 CAMPUS RD","uhm_admin","1","2025-2-15","520","31","$3,370.17","$6,501.53","$3,370.17","$6,501.53","$10,958.92","$9,871.70","fy25"
"5753055064","College of Ed Metcalf","2329 METCALF ST","uhm_admin","1","2025-2-17","206","35","$1,379.08","$1,487.79","$1,379.08","$1,487.79","$2,511.33","$2,866.87","fy25"
"7540143529","Hale Anuenue","2741 VARSITY PL","student_housing","0","2025-2-15","53","31","$702.44","$1,997.79","$437.35","$1,047.51","$0.00","$1,484.86","fy25"
"9327860114","Bachman","2446 DOLE ST","uhm_admin","1","2025-2-15","0","31","$64.06","$0.00","$64.06","$0.00","$64.06","$64.06","fy25"
"828232769","UHM PRI","2500 DOLE ST","uhm_admin","1","2025-2-15","51","31","$377.95","$1,353.08","$377.95","$1,353.08","$2,436.91","$1,731.03","fy25"
"9106985821","College of Education","1726 UNIVERSITY AVE","uhm_admin","1","2025-2-14","399","32","$2,668.94","$6,362.62","$2,668.94","$6,362.62","$9,233.24","$9,031.56","fy25"
"6588641878","Castle Memorial Building","1776 UNIVERSITY AVE","uhm_admin","1","2025-2-14","0","32","$180.69","$0.00","$180.69","$0.00","$180.69","$180.69","fy25"
"3196583104","ACM (will be torn down soon)","2340 DOLE ST","uhm_admin","1","2025-2-14","0","32","$105.14","$310.20","$105.14","$310.20","$415.34","$415.34","fy25"
"6395697372","Parking structure ","2525 DOLE ST","uhm_admin","1","2025-2-18","1678","32","$10,822.27","$93,379.66","$10,822.27","$93,379.66","$103,395.21","$104,201.93","fy25"
"7714052806","Hamiliton Library ","2444 DOLE ST","uhm_admin","1","2025-2-18","1019","32","$6,617.85","$17,267.15","$6,617.85","$17,267.15","$23,060.89","$23,885.00","fy25"
"34775567","Stan Sheriff Center","2421 DOLE ST","uhm_admin","1","2025-2-18","804","32","$5,246.15","$12,981.04","$5,246.15","$12,981.04","$20,596.93","$18,227.19","fy25"
"702227448","College Hill","2234 KAMEHAMEHA AVE","uhm_admin","1","2025-2-18","149","33","$1,539.43","$628.52","$1,539.43","$628.52","$2,070.88","$2,167.95","fy25"
"311848343","Institute for Astronomy ","2680 WOODLAWN DR","uhm_admin","1","2025-2-18","124","33","$843.69","$2,319.57","$843.69","$2,319.57","$3,000.99","$3,163.26","fy25"
"9282831505","East West 12 Main","2444 DOLE ST","uhm_admin","1","2025-2-15","6291","31","$40,806.38","$93,330.44","$40,806.38","$93,330.44","$125,503.99","$134,136.82","fy25"
"3196583104","ACM (will be torn down soon)","2340 DOLE ST","uhm_admin","1","2025-3-16","0","30","$105.14","$310.20","$105.14","$310.20","$415.34","$415.34","fy25"
"6588641878","Castle Memorial Building","1776 UNIVERSITY AVE","uhm_admin","1","2025-3-16","0","30","$180.69","$0.00","$180.69","$0.00","$180.69","$180.69","fy25"
"9106985821","College of Education","1726 UNIVERSITY AVE","uhm_admin","1","2025-3-16","392","30","$2,624.28","$6,339.47","$2,624.28","$6,339.47","$9,031.56","$8,963.75","fy25"
"702227448","College Hill","2234 KAMEHAMEHA AVE","uhm_admin","1","2025-3-17","115","27","$1,120.55","$503.51","$1,120.55","$503.51","$2,167.95","$1,624.06","fy25"
"828232769","UHM PRI","2500 DOLE ST","uhm_admin","1","2025-3-17","66","30","$473.65","$1,408.64","$473.65","$1,408.64","$1,731.03","$1,882.29","fy25"
"1015515136","Bachman Hall"," 2444 Dole St","uhm_admin","1","2025-3-17","5","30","$84.47","$1,104.22","$84.47","$1,104.22","$1,239.11","$1,188.69","fy25"
"1351227019","Law School bill but it  serves Building 171F, Makai Portables, and the Air Force & Army ROTC Bldgs","2750 VARSITY PL","uhm_admin","1","2025-3-17","150","30","$1,009.57","$1,176.00","$1,009.57","$1,176.00","$1,541.12","$2,185.57","fy25"
"1970024388","Hawaii Hall AFS","2444 DOLE ST","uhm_admin","1","2025-3-17","0","30","$9.67","$0.00","$9.67","$0.00","$9.67","$9.67","fy25"
"2075731490","Hawaii Quad","2560 CAMPUS RD","uhm_admin","1","2025-3-17","649","30","$4,298.35","$6,668.22","$4,298.35","$6,668.22","$10,221.28","$10,966.57","fy25"
"2120007870","Magoon","2717 WOODLAWN DR","uhm_admin","1","2025-3-17","160","30","$1,073.37","$3,074.24","$1,073.37","$3,074.24","$4,349.29","$4,147.61","fy25"
"2512030535","Hawaiian Studies","2645 DOLE ST","uhm_admin","1","2025-3-17","504","30","$3,332.15","$4,192.39","$3,332.15","$4,192.39","$7,916.89","$7,524.54","fy25"
"3436873877","Keller Hall","2565 THE MALL","uhm_admin","1","2025-3-17","252","30","$4,335.88","$6,968.57","$1,713.20","$3,123.61","$5,307.98","$4,624.12","fy25"
"3552088266","Magoon","2719 WOODLAWN DR","uhm_admin","1","2025-3-17","0","30","$34.41","$0.00","$34.41","$0.00","$34.41","$34.41","fy25"
"3660930616","Bachman Area","1635 UNIVERSITY AVE","uhm_admin","1","2025-3-17","110","30","$754.37","$5,525.74","$754.37","$5,525.74","$6,302.13","$6,280.11","fy25"
"4510777068","Hemenway Area","2415 CAMPUS RD","uhm_admin","1","2025-3-17","77","30","$512.33","$2,380.91","$512.33","$2,380.91","$2,910.63","$2,893.24","fy25"
"5753055064","College of Ed Metcalf","2329 METCALF ST","uhm_admin","1","2025-3-17","278","28","$1,838.44","$1,648.26","$1,838.44","$1,648.26","$2,866.87","$3,486.70","fy25"
"5999861532","Campus Center","2505 CAMPUS RD","uhm_admin","1","2025-3-17","1216","30","$7,810.65","$6,055.99","$7,810.65","$6,055.99","$12,897.65","$13,866.64","fy25"
"6423941420","EW Dole","2566 DOLE ST","uhm_admin","1","2025-3-17","8330","30","$53,262.03","$141,595.72","$53,262.03","$141,595.72","$197,299.93","$194,857.75","fy25"
"6866598284","Music Dept ph1","2421 DOLE ST","uhm_admin","1","2025-3-17","122","30","$901.68","$1,927.19","$901.68","$1,927.19","$2,683.99","$2,828.87","fy25"
"7090938420","Bachman Hall","2444 DOLE ST","uhm_admin","1","2025-3-17","0","30","$34.41","$0.00","$34.41","$0.00","$34.41","$34.41","fy25"
"7308357431","Magoon","2727 WOODLAWN DR","uhm_admin","1","2025-3-17","71","30","$474.05","$341.46","$474.05","$341.46","$675.26","$815.51","fy25"
"7418239794","Dole St. Parking Structure","2645 DOLE ST","uhm_admin","1","2025-3-17","1","30","$88.93","$0.00","$88.93","$0.00","$88.93","$88.93","fy25"
"1526984921","Frear Hall","2568 DOLE ST","student_housing","1","2025-3-18","1020","31","$12,674.26","$22,267.50","$5,960.71","$10,916.14","$18,064.91","$18,064.91","fy25"
"8821362865","Waialae Gate","2800 KALELE RD","uhm_admin","1","2025-3-17","0","30","$52.57","$0.00","$52.57","$0.00","$52.57","$52.57","fy25"
"8895599400","LC1 LC4 Temp Building","1490 UNIVERSITY AVE","uhm_admin","1","2025-3-17","52","30","$384.33","$1,280.16","$384.33","$1,280.16","$1,653.48","$1,664.49","fy25"
"9045013999","Bilger Hall","2545 THE MALL","uhm_admin","1","2025-3-17","0","30","$64.80","$77.55","$64.80","$77.55","$142.35","$142.35","fy25"
"9149298847","Music Building","1512 UNIVERSITY AVE","uhm_admin","1","2025-3-17","23","30","$199.31","$471.09","$199.31","$471.09","$664.02","$670.40","fy25"
"9282831505","East West 12 Main","2444 DOLE ST","uhm_admin","1","2025-3-17","5547","30","$36,059.66","$90,575.59","$36,059.66","$90,575.59","$134,136.82","$126,635.25","fy25"
"9327860114","Bachman","2446 DOLE ST","uhm_admin","1","2025-3-17","0","30","$64.06","$0.00","$64.06","$0.00","$64.06","$64.06","fy25"
"9574993565","Sinclair Library ","2405 CAMPUS RD","uhm_admin","1","2025-3-17","373","30","$2,432.31","$5,955.19","$2,432.31","$5,955.19","$9,871.70","$8,387.50","fy25"
"34775567","Stan Sheriff Center","2421 DOLE ST","uhm_admin","1","2025-3-19","862","29","$5,616.19","$13,198.65","$5,616.19","$13,198.65","$18,227.19","$18,814.84","fy25"
"311848343","Institute for Astronomy ","2680 WOODLAWN DR","uhm_admin","1","2025-3-19","104","29","$716.09","$2,245.49","$716.09","$2,245.49","$3,163.26","$2,961.58","fy25"
"5867595493","Makai Campus","1590 UNIVERSITY AVE","uhm_admin","1","2025-3-19","1","29","$129.70","$82.18","$129.70","$82.18","$200.87","$211.88","fy25"
"6073360529","Law School","2505 DOLE ST","uhm_admin","1","2025-3-19","32","29","$256.73","$508.13","$256.73","$508.13","$793.26","$764.86","fy25"
"6395697372","Parking structure ","2525 DOLE ST","uhm_admin","1","2025-3-19","1613","29","$10,407.57","$93,138.90","$10,407.57","$93,138.90","$104,201.93","$103,546.47","fy25"
"7714052806","Hamiliton Library ","2444 DOLE ST","uhm_admin","1","2025-3-19","1003","29","$6,515.77","$17,206.96","$6,515.77","$17,206.96","$23,885.00","$23,722.73","fy25"
"5999861532","Campus Center","2505 CAMPUS RD","uhm_admin","1","2025-4-18","1184","32","$7,606.49","$5,935.61","$7,606.49","$5,935.61","$13,866.64","$13,542.10","fy25"
"1526984921","Frear Hall","2568 DOLE ST","student_housing","1","2025-4-18","1006","32","$13,599.36","$22,804.58","$7,638.65","$11,888.44","$18,064.91","$17,784.41","fy25"
"7540143529","Hale Anuenue","2741 VARSITY PL","student_housing","0","2025-4-18","50","31","$868.32","$2,095.02","$430.97","$1,047.51","$1,484.86","$1,456.46","fy25"
"3196583104","ACM (will be torn down soon)","2340 DOLE ST","uhm_admin","1","2025-4-16","7","31","$149.80","$337.98","$149.80","$337.98","$415.34","$487.78","fy25"
"5753055064","College of Ed Metcalf","2329 METCALF ST","uhm_admin","1","2025-4-16","133","30","$2,751.78","$2,759.44","$913.34","$1,111.18","$0.00","$2,024.52","fy25"
"6588641878","Castle Memorial Building","1776 UNIVERSITY AVE","uhm_admin","1","2025-4-16","0","31","$180.69","$0.00","$180.69","$0.00","$180.69","$180.69","fy25"
"9106985821","College of Education","1726 UNIVERSITY AVE","uhm_admin","1","2025-4-16","373","31","$2,503.06","$6,265.39","$2,503.06","$6,265.39","$8,963.75","$8,768.45","fy25"
"34775567","Stan Sheriff Center","2421 DOLE ST","uhm_admin","1","2025-4-18","802","30","$10,849.58","$26,175.06","$5,233.39","$12,976.41","$0.00","$18,209.80","fy25"
"311848343","Institute for Astronomy ","2680 WOODLAWN DR","uhm_admin","1","2025-4-18","112","30","$1,483.22","$4,523.39","$767.13","$2,277.90","$0.00","$3,045.03","fy25"
"702227448","College Hill","2234 KAMEHAMEHA AVE","uhm_admin","1","2025-4-18","150","32","$2,672.30","$1,136.66","$1,551.75","$633.15","$0.00","$2,184.90","fy25"
"828232769","UHM PRI","2500 DOLE ST","uhm_admin","1","2025-4-18","106","32","$728.85","$1,556.80","$728.85","$1,556.80","$1,882.29","$2,285.65","fy25"
"1015515136","Bachman Hall"," 2444 Dole St","uhm_admin","1","2025-4-18","2","32","$65.33","$1,094.96","$65.33","$1,094.96","$1,188.69","$1,160.29","fy25"
"1351227019","Law School bill but it  serves Building 171F, Makai Portables, and the Air Force & Army ROTC Bldgs","2750 VARSITY PL","uhm_admin","1","2025-4-18","103","32","$709.71","$1,000.06","$709.71","$1,000.06","$2,185.57","$1,709.77","fy25"
"1970024388","Hawaii Hall AFS","2444 DOLE ST","uhm_admin","1","2025-4-18","0","32","$9.67","$0.00","$9.67","$0.00","$9.67","$9.67","fy25"
"2075731490","Hawaii Quad","2560 CAMPUS RD","uhm_admin","1","2025-4-18","784","32","$5,159.65","$7,168.26","$5,159.65","$7,168.26","$10,966.57","$12,327.91","fy25"
"2120007870","Magoon","2717 WOODLAWN DR","uhm_admin","1","2025-4-18","161","32","$1,079.75","$3,078.87","$1,079.75","$3,078.87","$4,147.61","$4,158.62","fy25"
"2512030535","Hawaiian Studies","2645 DOLE ST","uhm_admin","1","2025-4-18","542","32","$3,574.59","$4,335.92","$3,574.59","$4,335.92","$7,524.54","$7,910.51","fy25"
"3436873877","Keller Hall","2565 THE MALL","uhm_admin","1","2025-4-18","280","32","$1,851.20","$3,053.42","$1,851.20","$3,053.42","$11,304.45","$4,904.62","fy25"
"3552088266","Magoon","2719 WOODLAWN DR","uhm_admin","1","2025-4-18","0","32","$34.41","$0.00","$34.41","$0.00","$34.41","$34.41","fy25"
"3660930616","Bachman Area","1635 UNIVERSITY AVE","uhm_admin","1","2025-4-18","339","32","$2,215.39","$6,373.03","$2,215.39","$6,373.03","$6,280.11","$8,588.42","fy25"
"4510777068","Hemenway Area","2415 CAMPUS RD","uhm_admin","1","2025-4-18","73","32","$486.81","$2,362.39","$486.81","$2,362.39","$2,893.24","$2,849.20","fy25"
"5867595493","Makai Campus","1590 UNIVERSITY AVE","uhm_admin","1","2025-4-18","0","30","$253.02","$159.73","$123.32","$77.55","$0.00","$200.87","fy25"
"6073360529","Law School","2505 DOLE ST","uhm_admin","1","2025-4-18","27","30","$481.56","$997.74","$224.83","$489.61","$0.00","$714.44","fy25"
"6395697372","Parking structure ","2525 DOLE ST","uhm_admin","1","2025-4-18","1549","30","$20,406.82","$186,041.67","$9,999.25","$92,902.77","$0.00","$102,902.02","fy25"
"6423941420","EW Dole","2566 DOLE ST","uhm_admin","1","2025-4-18","9205","32","$58,844.53","$144,836.72","$58,844.53","$144,836.72","$194,857.75","$203,681.25","fy25"
"6866598284","Music Dept ph1","2421 DOLE ST","uhm_admin","1","2025-4-18","120","32","$1,790.60","$3,845.12","$888.92","$1,917.93","$0.00","$2,806.85","fy25"
"7090938420","Bachman Hall","2444 DOLE ST","uhm_admin","1","2025-4-18","0","32","$34.41","$0.00","$34.41","$0.00","$34.41","$34.41","fy25"
"7308357431","Magoon","2727 WOODLAWN DR","uhm_admin","1","2025-4-18","78","32","$518.71","$364.61","$518.71","$364.61","$815.51","$883.32","fy25"
"7418239794","Dole St. Parking Structure","2645 DOLE ST","uhm_admin","1","2025-4-18","1","32","$177.86","$0.00","$88.93","$0.00","$0.00","$88.93","fy25"
"7714052806","Hamiliton Library ","2444 DOLE ST","uhm_admin","1","2025-4-18","1030","30","$13,203.80","$34,515.78","$6,688.03","$17,308.82","$0.00","$23,996.85","fy25"
"8821362865","Waialae Gate","2800 KALELE RD","uhm_admin","1","2025-4-18","0","32","$52.57","$0.00","$52.57","$0.00","$52.57","$52.57","fy25"
"8895599400","LC1 LC4 Temp Building","1490 UNIVERSITY AVE","uhm_admin","1","2025-4-18","57","32","$416.23","$1,298.68","$416.23","$1,298.68","$1,664.49","$1,714.91","fy25"
"9045013999","Bilger Hall","2545 THE MALL","uhm_admin","1","2025-4-18","0","32","$129.60","$155.10","$64.80","$77.55","$0.00","$142.35","fy25"
"9149298847","Music Building","1512 UNIVERSITY AVE","uhm_admin","1","2025-4-18","20","32","$379.48","$932.92","$180.17","$461.83","$0.00","$642.00","fy25"
"9282831505","East West 12 Main","2444 DOLE ST","uhm_admin","1","2025-4-18","5919","32","$74,492.68","$182,526.29","$38,433.02","$91,950.70","$0.00","$130,383.72","fy25"
"9327860114","Bachman","2446 DOLE ST","uhm_admin","1","2025-4-18","0","32","$128.12","$0.00","$64.06","$0.00","$0.00","$64.06","fy25"
"9574993565","Sinclair Library ","2405 CAMPUS RD","uhm_admin","1","2025-4-18","578","32","$6,172.52","$12,669.70","$3,740.21","$6,714.51","$0.00","$10,454.72","fy25"
"9106985821","College of Education","1726 UNIVERSITY AVE","uhm_admin","1","2025-5-16","345","30","$2,324.42","$6,163.53","$2,324.42","$6,163.53","$8,768.45","$8,487.95","fy25"
"702227448","College Hill","2234 KAMEHAMEHA AVE","uhm_admin","1","2025-5-18","137","30","$2,943.34","$1,220.00","$1,391.59","$586.85","$1,624.06","$1,978.44","fy25"
"828232769","UHM PRI","2500 DOLE ST","uhm_admin","1","2025-5-18","102","30","$1,432.18","$3,099.71","$703.33","$1,542.91","$0.00","$2,246.24","fy25"
"1015515136","Bachman Hall"," 2444 Dole St","uhm_admin","1","2025-5-18","5","30","$149.80","$2,199.18","$84.47","$1,104.22","$0.00","$1,188.69","fy25"
"1351227019","Law School bill but it  serves Building 171F, Makai Portables, and the Air Force & Army ROTC Bldgs","2750 VARSITY PL","uhm_admin","1","2025-5-18","49","30","$1,074.90","$1,801.03","$365.19","$800.97","$0.00","$1,166.16","fy25"
"1970024388","Hawaii Hall AFS","2444 DOLE ST","uhm_admin","1","2025-5-18","0","30","$19.34","$0.00","$9.67","$0.00","$0.00","$9.67","fy25"
"2075731490","Hawaii Quad","2560 CAMPUS RD","uhm_admin","1","2025-5-18","849","30","$10,734.00","$14,577.28","$5,574.35","$7,409.02","$0.00","$12,983.37","fy25"
"2120007870","Magoon","2717 WOODLAWN DR","uhm_admin","1","2025-5-18","159","30","$2,146.74","$6,148.48","$1,066.99","$3,069.61","$0.00","$4,136.60","fy25"
"2512030535","Hawaiian Studies","2645 DOLE ST","uhm_admin","1","2025-5-18","579","30","$7,385.24","$8,806.11","$3,810.65","$4,470.19","$0.00","$8,280.84","fy25"
"3436873877","Keller Hall","2565 THE MALL","uhm_admin","1","2025-5-18","371","30","$4,282.98","$6,444.83","$2,431.78","$3,391.41","$0.00","$5,823.19","fy25"
"3552088266","Magoon","2719 WOODLAWN DR","uhm_admin","1","2025-5-18","0","30","$68.82","$0.00","$34.41","$0.00","$0.00","$34.41","fy25"
"3660930616","Bachman Area","1635 UNIVERSITY AVE","uhm_admin","1","2025-5-18","189","30","$3,473.78","$12,190.46","$1,258.39","$5,817.43","$0.00","$7,075.82","fy25"
"4510777068","Hemenway Area","2415 CAMPUS RD","uhm_admin","1","2025-5-18","74","30","$980.00","$4,729.41","$493.19","$2,367.02","$0.00","$2,860.21","fy25"
"5999861532","Campus Center","2505 CAMPUS RD","uhm_admin","1","2025-5-18","1045","30","$14,326.16","$11,357.29","$6,719.67","$5,421.68","$484.64","$12,141.35","fy25"
"6423941420","EW Dole","2566 DOLE ST","uhm_admin","1","2025-5-18","9382","30","$118,818.32","$290,330.90","$59,973.79","$145,494.18","$0.00","$205,467.97","fy25"
"7090938420","Bachman Hall","2444 DOLE ST","uhm_admin","1","2025-5-18","0","30","$68.82","$0.00","$34.41","$0.00","$0.00","$34.41","fy25"
"7308357431","Magoon","2727 WOODLAWN DR","uhm_admin","1","2025-5-18","76","30","$1,024.66","$724.59","$505.95","$359.98","$0.00","$865.93","fy25"
"7418239794","Dole St. Parking Structure","2645 DOLE ST","uhm_admin","1","2025-5-18","3","30","$190.62","$0.00","$101.69","$0.00","$88.93","$101.69","fy25"
"8821362865","Waialae Gate","2800 KALELE RD","uhm_admin","1","2025-5-18","0","30","$105.14","$0.00","$52.57","$0.00","$0.00","$52.57","fy25"
"8895599400","LC1 LC4 Temp Building","1490 UNIVERSITY AVE","uhm_admin","1","2025-5-18","50","30","$787.80","$2,569.58","$371.57","$1,270.90","$0.00","$1,642.47","fy25"
"9045013999","Bilger Hall","2545 THE MALL","uhm_admin","1","2025-5-18","0","30","$129.60","$155.10","$64.80","$77.55","$142.35","$142.35","fy25"
"9149298847","Music Building","1512 UNIVERSITY AVE","uhm_admin","1","2025-5-18","23","30","$379.48","$932.92","$199.31","$471.09","$670.40","$670.40","fy25"
"9282831505","East West 12 Main","2444 DOLE ST","uhm_admin","1","2025-5-18","6160","30","$78,403.62","$184,794.99","$39,970.60","$92,844.29","$126,635.25","$132,814.89","fy25"
"9327860114","Bachman","2446 DOLE ST","uhm_admin","1","2025-5-18","0","30","$128.12","$0.00","$64.06","$0.00","$64.06","$64.06","fy25"
"9574993565","Sinclair Library ","2405 CAMPUS RD","uhm_admin","1","2025-5-18","572","30","$7,442.14","$13,410.50","$3,701.93","$6,695.99","$8,387.50","$10,397.92","fy25"
"34775567","Stan Sheriff Center","2421 DOLE ST","uhm_admin","1","2025-5-19","960","31","$11,474.82","$26,536.20","$6,241.43","$13,559.79","$18,814.84","$19,801.22","fy25"
"311848343","Institute for Astronomy ","2680 WOODLAWN DR","uhm_admin","1","2025-5-19","142","31","$1,725.66","$4,666.92","$958.53","$2,389.02","$2,961.58","$3,347.55","fy25"
"5867595493","Makai Campus","1590 UNIVERSITY AVE","uhm_admin","1","2025-5-19","0","31","$246.64","$155.10","$123.32","$77.55","$211.88","$200.87","fy25"
"6073360529","Law School","2505 DOLE ST","uhm_admin","1","2025-5-19","25","31","$436.90","$969.96","$212.07","$480.35","$764.86","$692.42","fy25"
"6395697372","Parking structure ","2525 DOLE ST","uhm_admin","1","2025-5-19","2198","31","$24,139.12","$188,208.51","$14,139.87","$95,305.74","$103,546.47","$109,445.61","fy25"
"6866598284","Music Dept ph1","2421 DOLE ST","uhm_admin","1","2025-5-19","124","31","$1,803.36","$3,849.75","$914.44","$1,931.82","$2,828.87","$2,846.26","fy25"
"7714052806","Hamiliton Library ","2444 DOLE ST","uhm_admin","1","2025-5-19","1064","31","$13,592.98","$34,742.65","$6,904.95","$17,433.83","$23,722.73","$24,338.78","fy25"
"6588641878","Castle Memorial Building","1776 UNIVERSITY AVE","uhm_admin","1","2025-5-16","0","30","$180.69","$0.00","$180.69","$0.00","$180.69","$180.69","fy25"
"5753055064","College of Ed Metcalf","2329 METCALF ST","uhm_admin","1","2025-5-16","224","30","$2,407.26","$2,560.35","$1,493.92","$1,449.17","$3,486.70","$2,943.09","fy25"
"3196583104","ACM (will be torn down soon)","2340 DOLE ST","uhm_admin","1","2025-5-16","136","30","$972.82","$814.87","$972.82","$814.87","$487.78","$1,787.69","fy25"
"1526984921","Frear Hall","2568 DOLE ST","student_housing","1","2025-5-18","1151","30","$13,994.92","$23,036.08","$6,356.27","$11,147.64","$18,619.53","$19,246.59","fy25"
"9282831505","East West 12 Main","2444 DOLE ST","uhm_admin","1","2025-6-16","5383","29","$35,013.34","$89,964.43","$35,013.34","$89,964.43","$263,198.61","$124,977.77","fy25"
"828232769","UHM PRI","2500 DOLE ST","uhm_admin","1","2025-6-16","120","29","$818.17","$1,607.73","$818.17","$1,607.73","$4,531.89","$2,425.90","fy25"
"1015515136","Bachman Hall"," 2444 Dole St","uhm_admin","1","2025-6-16","4","29","$78.09","$1,099.59","$78.09","$1,099.59","$2,348.98","$1,177.68","fy25"
"1351227019","Law School bill but it  serves Building 171F, Makai Portables, and the Air Force & Army ROTC Bldgs","2750 VARSITY PL","uhm_admin","1","2025-6-16","42","29","$320.53","$777.82","$320.53","$777.82","$2,875.93","$1,098.35","fy25"
"1970024388","Hawaii Hall AFS","2444 DOLE ST","uhm_admin","1","2025-6-16","0","29","$9.67","$0.00","$9.67","$0.00","$19.34","$9.67","fy25"
"2075731490","Hawaii Quad","2560 CAMPUS RD","uhm_admin","1","2025-6-16","737","29","$4,859.79","$6,996.95","$4,859.79","$6,996.95","$25,311.28","$11,856.74","fy25"
"2120007870","Magoon","2717 WOODLAWN DR","uhm_admin","1","2025-6-16","164","29","$1,098.89","$3,088.13","$1,098.89","$3,088.13","$8,295.22","$4,187.02","fy25"
"2512030535","Hawaiian Studies","2645 DOLE ST","uhm_admin","1","2025-6-16","572","29","$3,765.99","$4,447.04","$3,765.99","$4,447.04","$16,191.35","$8,213.03","fy25"
"3196583104","ACM (will be torn down soon)","2340 DOLE ST","uhm_admin","1","2025-6-16","83","31","$634.68","$615.78","$634.68","$615.78","$1,787.69","$1,250.46","fy25"
"3436873877","Keller Hall","2565 THE MALL","uhm_admin","1","2025-6-16","279","29","$1,844.82","$3,048.79","$1,844.82","$3,048.79","$10,727.81","$4,893.61","fy25"
"3552088266","Magoon","2719 WOODLAWN DR","uhm_admin","1","2025-6-16","0","29","$34.41","$0.00","$34.41","$0.00","$68.82","$34.41","fy25"
"3660930616","Bachman Area","1635 UNIVERSITY AVE","uhm_admin","1","2025-6-16","38","29","$295.01","$5,257.20","$295.01","$5,257.20","$15,664.24","$5,552.21","fy25"
"4510777068","Hemenway Area","2415 CAMPUS RD","uhm_admin","1","2025-6-16","42","29","$289.03","$2,251.27","$289.03","$2,251.27","$5,709.41","$2,540.30","fy25"
"5753055064","College of Ed Metcalf","2329 METCALF ST","uhm_admin","1","2025-6-16","241","31","$2,630.03","$2,510.86","$1,136.11","$1,061.69","$2,943.09","$3,116.37","fy25"
"5999861532","Campus Center","2505 CAMPUS RD","uhm_admin","1","2025-6-16","785","29","$5,060.87","$4,458.64","$5,060.87","$4,458.64","$25,683.45","$9,519.51","fy25"
"6423941420","EW Dole","2566 DOLE ST","uhm_admin","1","2025-6-16","7181","29","$45,931.41","$137,340.75","$45,931.41","$137,340.75","$409,149.22","$183,272.16","fy25"
"6588641878","Castle Memorial Building","1776 UNIVERSITY AVE","uhm_admin","1","2025-6-16","0","31","$361.38","$0.00","$180.69","$0.00","$0.00","$180.69","fy25"
"7090938420","Bachman Hall","2444 DOLE ST","uhm_admin","1","2025-6-16","0","29","$34.41","$0.00","$34.41","$0.00","$68.82","$34.41","fy25"
"7308357431","Magoon","2727 WOODLAWN DR","uhm_admin","1","2025-6-16","63","29","$423.01","$309.05","$423.01","$309.05","$1,749.25","$732.06","fy25"
"7418239794","Dole St. Parking Structure","2645 DOLE ST","uhm_admin","1","2025-6-16","3","29","$101.69","$0.00","$101.69","$0.00","$190.62","$101.69","fy25"
"8821362865","Waialae Gate","2800 KALELE RD","uhm_admin","1","2025-6-16","0","29","$52.57","$0.00","$52.57","$0.00","$105.14","$52.57","fy25"
"8895599400","LC1 LC4 Temp Building","1490 UNIVERSITY AVE","uhm_admin","1","2025-6-16","47","29","$352.43","$1,261.64","$352.43","$1,261.64","$3,357.38","$1,614.07","fy25"
"9045013999","Bilger Hall","2545 THE MALL","uhm_admin","1","2025-6-16","0","29","$64.80","$77.55","$64.80","$77.55","$284.70","$142.35","fy25"
"9106985821","College of Education","1726 UNIVERSITY AVE","uhm_admin","1","2025-6-16","478","31","$5,497.38","$12,817.84","$3,172.96","$6,654.31","$0.00","$9,827.27","fy25"
"9149298847","Music Building","1512 UNIVERSITY AVE","uhm_admin","1","2025-6-16","13","29","$135.51","$434.05","$135.51","$434.05","$1,312.40","$569.56","fy25"
"9327860114","Bachman","2446 DOLE ST","uhm_admin","1","2025-6-16","0","29","$64.06","$0.00","$64.06","$0.00","$128.12","$64.06","fy25"
"9574993565","Sinclair Library ","2405 CAMPUS RD","uhm_admin","1","2025-6-16","329","29","$2,151.59","$5,793.14","$2,151.59","$5,793.14","$20,852.64","$7,944.73","fy25"
"702227448","College Hill","2234 KAMEHAMEHA AVE","uhm_admin","1","2025-6-17","104","30","$985.03","$461.84","$985.03","$461.84","$4,163.34","$1,446.87","fy25"
"34775567","Stan Sheriff Center","2421 DOLE ST","uhm_admin","1","2025-6-18","854","30","$5,565.15","$13,166.24","$5,565.15","$13,166.24","$38,011.02","$18,731.39","fy25"
"311848343","Institute for Astronomy ","2680 WOODLAWN DR","uhm_admin","1","2025-6-18","136","30","$920.25","$2,365.87","$920.25","$2,365.87","$6,392.58","$3,286.12","fy25"
"5867595493","Makai Campus","1590 UNIVERSITY AVE","uhm_admin","1","2025-6-18","0","30","$123.32","$77.55","$123.32","$77.55","$401.74","$200.87","fy25"
"6073360529","Law School","2505 DOLE ST","uhm_admin","1","2025-6-18","15","30","$148.27","$443.31","$148.27","$443.31","$1,406.86","$591.58","fy25"
"6395697372","Parking structure ","2525 DOLE ST","uhm_admin","1","2025-6-18","2019","30","$12,997.85","$94,643.65","$12,997.85","$94,643.65","$212,347.63","$107,641.50","fy25"
"6866598284","Music Dept ph1","2421 DOLE ST","uhm_admin","1","2025-6-18","106","30","$799.60","$1,867.00","$799.60","$1,867.00","$5,653.11","$2,666.60","fy25"
"7714052806","Hamiliton Library ","2444 DOLE ST","uhm_admin","1","2025-6-18","927","30","$6,030.89","$16,929.16","$6,030.89","$16,929.16","$48,335.63","$22,960.05","fy25"
"6423941420","EW Dole","2566 DOLE ST","uhm_admin","1","2025-7-17","7302","31","$46,703.39","$137,789.86","$46,703.39","$137,789.86","$183,272.16","$184,493.25","fy26"
"2075731490","Hawaii Quad","2560 CAMPUS RD","uhm_admin","1","2025-7-17","920","31","$6,027.33","$7,672.93","$6,027.33","$7,672.93","$11,856.74","$13,700.26","fy26"
"311848343","Institute for Astronomy ","2680 WOODLAWN DR","uhm_admin","1","2025-7-17","159","29","$1,066.99","$2,449.21","$1,066.99","$2,449.21","$3,286.12","$3,516.20","fy26"
"5867595493","Makai Campus","1590 UNIVERSITY AVE","uhm_admin","1","2025-7-18","0","30","$123.32","$77.55","$123.32","$77.55","$200.87","$200.87","fy26"
"5753055064","College of Ed Metcalf","2329 METCALF ST","uhm_admin","1","2025-7-16","281","30","$2,898.55","$2,645.70","$2,898.55","$2,645.70","$3,116.37","$3,519.73","fy26"
"2120007870","Magoon","2717 WOODLAWN DR","uhm_admin","1","2025-7-17","174","31","$1,162.69","$3,125.17","$1,162.69","$3,125.17","$4,187.02","$4,287.86","fy26"
"9045013999","Bilger Hall","2545 THE MALL","uhm_admin","1","2025-7-17","1","31","$71.18","$82.18","$71.18","$82.18","$142.35","$153.36","fy26"
"4510777068","Hemenway Area","2415 CAMPUS RD","uhm_admin","1","2025-7-17","49","31","$333.69","$2,274.42","$333.69","$2,274.42","$2,540.30","$2,608.11","fy26"
"3660930616","Bachman Area","1635 UNIVERSITY AVE","uhm_admin","1","2025-7-17","101","31","$696.95","$5,493.33","$696.95","$5,493.33","$5,552.21","$6,190.28","fy26"
"2512030535","Hawaiian Studies","2645 DOLE ST","uhm_admin","1","2025-7-17","806","31","$5,258.91","$5,312.85","$5,258.91","$5,312.85","$8,213.03","$10,571.76","fy26"
"9106985821","College of Education","1726 UNIVERSITY AVE","uhm_admin","1","2025-7-15","340","29","$5,033.05","$11,892.43","$5,033.05","$11,892.43","$9,827.27","$8,437.53","fy26"
"3552088266","Magoon","2719 WOODLAWN DR","uhm_admin","1","2025-7-17","0","31","$34.41","$0.00","$34.41","$0.00","$34.41","$34.41","fy26"
"3436873877","Keller Hall","2565 THE MALL","uhm_admin","1","2025-7-17","164","31","$1,111.12","$2,622.83","$1,111.12","$2,622.83","$4,893.61","$3,733.95","fy26"
"3196583104","ACM (will be torn down soon)","2340 DOLE ST","uhm_admin","1","2025-7-15","21","29","$239.12","$388.91","$239.12","$388.91","$1,250.46","$628.03","fy26"
"7714052806","Hamiliton Library ","2444 DOLE ST","uhm_admin","1","2025-7-18","996","30","$6,471.11","$17,183.81","$6,471.11","$17,183.81","$22,960.05","$23,654.92","fy26"
"702227448","College Hill","2234 KAMEHAMEHA AVE","uhm_admin","1","2025-7-16","104","29","$985.03","$461.84","$985.03","$461.84","$1,446.87","$1,446.87","fy26"
"6395697372","Parking structure ","2525 DOLE ST","uhm_admin","1","2025-7-18","2038","30","$13,119.07","$94,713.10","$13,119.07","$94,713.10","$107,641.50","$107,832.17","fy26"
"9149298847","Music Building","1512 UNIVERSITY AVE","uhm_admin","1","2025-7-17","12","31","$129.13","$434.05","$129.13","$434.05","$569.56","$563.18","fy26"
"7540143529","Hale Anuenue","2741 VARSITY PL","student_housing","0","2025-7-17","4","31","$124.73","$866.94","$124.73","$866.94","$991.67","$991.67","fy26"
"828232769","UHM PRI","2500 DOLE ST","uhm_admin","1","2025-7-17","114","31","$779.89","$1,584.58","$779.89","$1,584.58","$2,425.90","$2,364.47","fy26"
"6073360529","Law School","2505 DOLE ST","uhm_admin","1","2025-7-18","18","30","$167.41","$452.57","$167.41","$452.57","$591.58","$619.98","fy26"
"7418239794","Dole St. Parking Structure","2645 DOLE ST","uhm_admin","1","2025-7-17","3","31","$101.69","$0.00","$101.69","$0.00","$101.69","$101.69","fy26"
"9282831505","East West 12 Main","2444 DOLE ST","uhm_admin","1","2025-7-17","5515","31","$35,855.50","$90,455.21","$35,855.50","$90,455.21","$124,977.77","$126,310.71","fy26"
"1015515136","Bachman Hall"," 2444 Dole St","uhm_admin","1","2025-7-17","3","31","$71.71","$1,094.96","$71.71","$1,094.96","$1,177.68","$1,166.67","fy26"
"34775567","Stan Sheriff Center","2421 DOLE ST","uhm_admin","1","2025-7-18","852","30","$5,552.39","$13,161.61","$5,552.39","$13,161.61","$18,731.39","$18,714.00","fy26"
"7308357431","Magoon","2727 WOODLAWN DR","uhm_admin","1","2025-7-17","128","31","$837.71","$549.81","$837.71","$549.81","$732.06","$1,387.52","fy26"
"7090938420","Bachman Hall","2444 DOLE ST","uhm_admin","1","2025-7-17","0","31","$34.41","$0.00","$34.41","$0.00","$34.41","$34.41","fy26"
"1351227019","Law School bill but it  serves Building 171F, Makai Portables, and the Air Force & Army ROTC Bldgs","2750 VARSITY PL","uhm_admin","1","2025-7-17","51","31","$377.95","$810.23","$377.95","$810.23","$1,098.35","$1,188.18","fy26"
"8895599400","LC1 LC4 Temp Building","1490 UNIVERSITY AVE","uhm_admin","1","2025-7-17","64","31","$460.89","$1,321.83","$460.89","$1,321.83","$1,614.07","$1,782.72","fy26"
"9327860114","Bachman","2446 DOLE ST","uhm_admin","1","2025-7-17","0","31","$64.06","$0.00","$64.06","$0.00","$64.06","$64.06","fy26"
"6866598284","Music Dept ph1","2421 DOLE ST","uhm_admin","1","2025-7-17","123","29","$908.06","$1,927.19","$908.06","$1,927.19","$2,666.60","$2,835.25","fy26"
"1526984921","Frear Hall","2568 DOLE ST","student_housing","1","2025-7-17","469","31","$3,108.85","$9,258.60","$3,108.85","$9,258.60","$11,179.39","$12,367.45","fy26"
"8821362865","Waialae Gate","2800 KALELE RD","uhm_admin","1","2025-7-17","0","31","$52.57","$0.00","$52.57","$0.00","$52.57","$52.57","fy26"
"9574993565","Sinclair Library ","2405 CAMPUS RD","uhm_admin","1","2025-7-17","825","31","$5,316.07","$7,631.25","$5,316.07","$7,631.25","$7,944.73","$12,947.32","fy26"
"5999861532","Campus Center","2505 CAMPUS RD","uhm_admin","1","2025-7-17","843","31","$5,430.91","$4,671.62","$5,430.91","$4,671.62","$9,519.51","$10,102.53","fy26"
"1970024388","Hawaii Hall AFS","2444 DOLE ST","uhm_admin","1","2025-7-17","0","31","$9.67","$0.00","$9.67","$0.00","$9.67","$9.67","fy26"
"7923743424","Johnson Hall","2555 DOLE ST","student_housing","1","2025-7-17","318","29","$2,157.70","$2,571.92","$2,157.70","$2,571.92","$4,006.35","$4,729.62","fy26"
"6588641878","Castle Memorial Building","1776 UNIVERSITY AVE","uhm_admin","1","2025-7-9","1","23","$367.76","$0.00","$367.76","$0.00","$180.69","$187.07","fy26"
"7308357431","Magoon","2727 WOODLAWN DR","uhm_admin","1","2025-8-16","116","30","$829.16","$508.14","$829.16","$508.14","$1,387.52","$1,337.30","fy26"
"6073360529","Law School","2505 DOLE ST","uhm_admin","1","2025-8-19","17","32","$175.46","$452.57","$175.46","$452.57","$619.98","$628.03","fy26"
"6395697372","Parking structure ","2525 DOLE ST","uhm_admin","1","2025-8-19","2623","32","$18,356.98","$96,879.94","$18,356.98","$96,879.94","$107,832.17","$115,236.92","fy26"
"34775567","Stan Sheriff Center","2421 DOLE ST","uhm_admin","1","2025-8-19","912","32","$6,465.53","$13,383.85","$6,465.53","$13,383.85","$18,714.00","$19,849.38","fy26"
"311848343","Institute for Astronomy ","2680 WOODLAWN DR","uhm_admin","1","2025-8-18","148","32","$1,085.91","$2,407.54","$1,085.91","$2,407.54","$3,516.20","$3,493.45","fy26"
"702227448","College Hill","2234 KAMEHAMEHA AVE","uhm_admin","1","2025-8-16","185","31","$2,197.47","$762.79","$2,197.47","$762.79","$1,446.87","$2,960.26","fy26"
"828232769","UHM PRI","2500 DOLE ST","uhm_admin","1","2025-8-16","106","30","$794.01","$1,556.80","$794.01","$1,556.80","$2,364.47","$2,350.81","fy26"
"1015515136","Bachman Hall"," 2444 Dole St","uhm_admin","1","2025-8-16","12","30","$140.71","$1,132.00","$140.71","$1,132.00","$1,166.67","$1,272.71","fy26"
"1351227019","Law School bill but it  serves Building 171F, Makai Portables, and the Air Force & Army ROTC Bldgs","2750 VARSITY PL","uhm_admin","1","2025-8-16","64","30","$502.11","$856.53","$502.11","$856.53","$1,188.18","$1,358.64","fy26"
"1526984921","Frear Hall","2568 DOLE ST","student_housing","1","2025-8-16","371","30","$5,814.43","$18,156.06","$2,705.58","$8,897.46","$0.00","$11,603.04","fy26"
"1970024388","Hawaii Hall AFS","2444 DOLE ST","uhm_admin","1","2025-8-16","0","30","$10.54","$0.00","$10.54","$0.00","$9.67","$10.54","fy26"
"2075731490","Hawaii Quad","2560 CAMPUS RD","uhm_admin","1","2025-8-16","1133","30","$8,046.28","$8,460.03","$8,046.28","$8,460.03","$13,700.26","$16,506.31","fy26"
"2120007870","Magoon","2717 WOODLAWN DR","uhm_admin","1","2025-8-16","199","30","$1,440.36","$3,217.77","$1,440.36","$3,217.77","$4,287.86","$4,658.13","fy26"
"2512030535","Hawaiian Studies","2645 DOLE ST","uhm_admin","1","2025-8-16","925","30","$6,555.88","$5,752.70","$6,555.88","$5,752.70","$10,571.76","$12,308.58","fy26"
"3196583104","ACM (will be torn down soon)","2340 DOLE ST","uhm_admin","1","2025-8-16","19","32","$246.67","$379.65","$246.67","$379.65","$628.03","$626.32","fy26"
"3436873877","Keller Hall","2565 THE MALL","uhm_admin","1","2025-8-16","173","30","$1,272.98","$2,655.24","$1,272.98","$2,655.24","$3,733.95","$3,928.22","fy26"
"3552088266","Magoon","2719 WOODLAWN DR","uhm_admin","1","2025-8-16","0","30","$37.51","$0.00","$37.51","$0.00","$34.41","$37.51","fy26"
"3660930616","Bachman Area","1635 UNIVERSITY AVE","uhm_admin","1","2025-8-16","170","30","$1,238.81","$5,747.98","$1,238.81","$5,747.98","$6,190.28","$6,986.79","fy26"
"4510777068","Hemenway Area","2415 CAMPUS RD","uhm_admin","1","2025-8-16","29","30","$224.51","$2,200.34","$224.51","$2,200.34","$2,608.11","$2,424.85","fy26"
"5753055064","College of Ed Metcalf","2329 METCALF ST","uhm_admin","1","2025-8-16","399","31","$3,912.14","$3,053.43","$1,013.59","$407.73","$3,519.73","$4,941.05","fy26"
"5867595493","Makai Campus","1590 UNIVERSITY AVE","uhm_admin","1","2025-8-18","0","31","$134.42","$77.55","$134.42","$77.55","$200.87","$211.97","fy26"
"6423941420","EW Dole","2566 DOLE ST","uhm_admin","1","2025-8-16","8099","30","$56,415.18","$140,739.17","$56,415.18","$140,739.17","$184,493.25","$197,154.35","fy26"
"6588641878","Castle Memorial Building","1776 UNIVERSITY AVE","uhm_admin","1","2025-8-16","122","32","$250.51","$0.00","-$117.25","$0.00","$187.07","$69.82","fy26"
"5999861532","Campus Center","2505 CAMPUS RD","uhm_admin","1","2025-8-16","1018","30","$7,132.41","$5,319.82","$7,132.41","$5,319.82","$10,102.53","$12,452.23","fy26"
"9574993565","Sinclair Library ","2405 CAMPUS RD","uhm_admin","1","2025-8-16","763","30","$5,360.16","$7,399.75","$5,360.16","$7,399.75","$12,947.32","$12,759.91","fy26"
"6866598284","Music Dept ph1","2421 DOLE ST","uhm_admin","1","2025-8-16","116","30","$940.62","$1,904.04","$940.62","$1,904.04","$2,835.25","$2,844.66","fy26"
"9327860114","Bachman","2446 DOLE ST","uhm_admin","1","2025-8-16","0","30","$69.82","$0.00","$69.82","$0.00","$64.06","$69.82","fy26"
"7090938420","Bachman Hall","2444 DOLE ST","uhm_admin","1","2025-8-16","0","30","$37.51","$0.00","$37.51","$0.00","$34.41","$37.51","fy26"
"9282831505","East West 12 Main","2444 DOLE ST","uhm_admin","1","2025-8-16","6097","30","$43,104.25","$92,612.79","$43,104.25","$92,612.79","$126,310.71","$135,717.04","fy26"
"7418239794","Dole St. Parking Structure","2645 DOLE ST","uhm_admin","1","2025-8-16","4","30","$117.77","$0.00","$117.77","$0.00","$101.69","$117.77","fy26"
"9149298847","Music Building","1512 UNIVERSITY AVE","uhm_admin","1","2025-8-16","14","30","$154.61","$438.68","$154.61","$438.68","$563.18","$593.29","fy26"
"7540143529","Hale Anuenue","2741 VARSITY PL","student_housing","0","2025-8-16","4","30","$135.94","$866.94","$135.94","$866.94","$991.67","$1,002.88","fy26"
"7714052806","Hamiliton Library ","2444 DOLE ST","uhm_admin","1","2025-8-19","1130","32","$7,980.63","$17,679.22","$7,980.63","$17,679.22","$23,654.92","$25,659.85","fy26"
"9106985821","College of Education","1726 UNIVERSITY AVE","uhm_admin","1","2025-8-16","433","32","$5,452.57","$12,666.78","$419.52","$774.35","$8,437.53","$9,631.40","fy26"
"7923743424","Johnson Hall","2555 DOLE ST","student_housing","1","2025-8-16","60","30","$2,715.15","$4,190.06","$557.45","$1,618.14","$0.00","$2,175.59","fy26"
"8821362865","Waialae Gate","2800 KALELE RD","uhm_admin","1","2025-8-16","0","30","$57.31","$0.00","$57.31","$0.00","$52.57","$57.31","fy26"
"9045013999","Bilger Hall","2545 THE MALL","uhm_admin","1","2025-8-16","0","30","$70.63","$77.55","$70.63","$77.55","$153.36","$148.18","fy26"
"8895599400","LC1 LC4 Temp Building","1490 UNIVERSITY AVE","uhm_admin","1","2025-8-16","52","30","$418.71","$1,280.16","$418.71","$1,280.16","$1,782.72","$1,698.87","fy26"
"9574993565","Sinclair Library ","2405 CAMPUS RD","uhm_admin","1","2025-9-16","1117","31","$13,180.62","$16,114.42","$7,820.46","$8,714.67","$0.00","$16,535.13","fy26"
"6395697372","Parking structure ","2525 DOLE ST","uhm_admin","1","2025-9-18","2132","30","$14,944.53","$95,064.98","$14,944.53","$95,064.98","$115,236.92","$110,009.51","fy26"
"6423941420","EW Dole","2566 DOLE ST","uhm_admin","1","2025-9-16","10641","31","$130,497.26","$290,895.76","$74,082.08","$150,156.59","$0.00","$224,238.67","fy26"
"1970024388","Hawaii Hall AFS","2444 DOLE ST","uhm_admin","1","2025-9-16","0","31","$21.08","$0.00","$10.54","$0.00","$0.00","$10.54","fy26"
"311848343","Institute for Astronomy ","2680 WOODLAWN DR","uhm_admin","1","2025-9-17","269","30","$3,012.77","$5,264.19","$1,926.86","$2,856.65","$0.00","$4,783.51","fy26"
"6588641878","Castle Memorial Building","1776 UNIVERSITY AVE","uhm_admin","1","2025-9-15","41","30","$139.64","$0.00","$256.89","$0.00","$180.69","$69.82","fy26"
"5999861532","Campus Center","2505 CAMPUS RD","uhm_admin","1","2025-9-16","1319","31","$16,356.77","$11,755.47","$9,224.36","$6,435.65","$0.00","$15,660.01","fy26"
"5867595493","Makai Campus","1590 UNIVERSITY AVE","uhm_admin","1","2025-9-18","0","31","$134.42","$77.55","$134.42","$77.55","$211.97","$211.97","fy26"
"8895599400","LC1 LC4 Temp Building","1490 UNIVERSITY AVE","uhm_admin","1","2025-9-16","54","31","$851.32","$2,564.95","$432.61","$1,284.79","$0.00","$1,717.40","fy26"
"7714052806","Hamiliton Library ","2444 DOLE ST","uhm_admin","1","2025-9-18","1213","30","$8,557.48","$17,984.80","$8,557.48","$17,984.80","$25,659.85","$26,542.28","fy26"
"1526984921","Frear Hall","2568 DOLE ST","student_housing","1","2025-9-16","1067","31","$10,248.36","$20,373.83","$7,542.78","$11,476.37","$12,367.45","$19,019.15","fy26"
"9327860114","Bachman","2446 DOLE ST","uhm_admin","1","2025-9-16","0","31","$139.64","$0.00","$69.82","$0.00","$0.00","$69.82","fy26"
"7923743424","Johnson Hall","2555 DOLE ST","student_housing","1","2025-9-16","0","31","$697.90","$3,014.04","$140.45","$1,395.90","$4,729.62","$1,536.35","fy26"
"6866598284","Music Dept ph1","2421 DOLE ST","uhm_admin","1","2025-9-18","158","33","$1,232.52","$2,056.83","$1,232.52","$2,056.83","$2,844.66","$3,289.35","fy26"
"1351227019","Law School bill but it  serves Building 171F, Makai Portables, and the Air Force & Army ROTC Bldgs","2750 VARSITY PL","uhm_admin","1","2025-9-16","76","31","$1,087.62","$1,759.36","$585.51","$902.83","$0.00","$1,488.34","fy26"
"7090938420","Bachman Hall","2444 DOLE ST","uhm_admin","1","2025-9-16","0","31","$75.02","$0.00","$37.51","$0.00","$0.00","$37.51","fy26"
"9282831505","East West 12 Main","2444 DOLE ST","uhm_admin","1","2025-9-16","6708","31","$90,454.95","$187,485.02","$47,350.70","$94,872.23","$0.00","$142,222.93","fy26"
"1015515136","Bachman Hall"," 2444 Dole St","uhm_admin","1","2025-9-16","35","31","$441.27","$2,347.34","$300.56","$1,215.34","$0.00","$1,515.90","fy26"
"9045013999","Bilger Hall","2545 THE MALL","uhm_admin","1","2025-9-16","1","31","$148.21","$159.73","$77.58","$82.18","$0.00","$159.76","fy26"
"7308357431","Magoon","2727 WOODLAWN DR","uhm_admin","1","2025-9-16","58","31","$1,255.22","$798.67","$426.06","$290.53","$0.00","$716.59","fy26"
"828232769","UHM PRI","2500 DOLE ST","uhm_admin","1","2025-9-16","132","31","$1,768.72","$3,210.83","$974.71","$1,654.03","$0.00","$2,628.74","fy26"
"34775567","Stan Sheriff Center","2421 DOLE ST","uhm_admin","1","2025-9-18","1054","30","$7,452.43","$13,907.04","$7,452.43","$13,907.04","$19,849.38","$21,359.47","fy26"
"7418239794","Dole St. Parking Structure","2645 DOLE ST","uhm_admin","1","2025-9-16","3","31","$228.59","$0.00","$110.82","$0.00","$0.00","$110.82","fy26"
"9149298847","Music Building","1512 UNIVERSITY AVE","uhm_admin","1","2025-9-16","33","31","$441.27","$946.81","$286.66","$508.13","$0.00","$794.79","fy26"
"6073360529","Law School","2505 DOLE ST","uhm_admin","1","2025-9-18","35","30","$300.56","$517.39","$300.56","$517.39","$628.03","$817.95","fy26"
"7540143529","Hale Anuenue","2741 VARSITY PL","student_housing","0","2025-9-16","75","31","$765.33","$1,997.79","$629.39","$1,130.85","$0.00","$1,760.24","fy26"
"702227448","College Hill","2234 KAMEHAMEHA AVE","uhm_admin","1","2025-9-16","137","31","$1,541.31","$586.85","$1,541.31","$586.85","$2,960.26","$2,128.16","fy26"
"3196583104","ACM (will be torn down soon)","2340 DOLE ST","uhm_admin","1","2025-9-15","13","30","$451.64","$736.15","$204.97","$356.50","$0.00","$561.47","fy26"
"3436873877","Keller Hall","2565 THE MALL","uhm_admin","1","2025-9-16","379","31","$3,977.66","$6,074.43","$2,704.68","$3,419.19","$0.00","$6,123.87","fy26"
"2512030535","Hawaiian Studies","2645 DOLE ST","uhm_admin","1","2025-9-16","740","31","$11,826.01","$10,820.16","$5,270.13","$5,067.46","$0.00","$10,337.59","fy26"
"3552088266","Magoon","2719 WOODLAWN DR","uhm_admin","1","2025-9-16","0","31","$75.02","$0.00","$37.51","$0.00","$0.00","$37.51","fy26"
"9106985821","College of Education","1726 UNIVERSITY AVE","uhm_admin","1","2025-9-17","411","32","$6,134.64","$12,896.55","$5,715.12","$12,122.20","$8,487.95","$9,399.79","fy26"
"3660930616","Bachman Area","1635 UNIVERSITY AVE","uhm_admin","1","2025-9-16","241","31","$2,971.07","$11,759.87","$1,732.26","$6,011.89","$0.00","$7,744.15","fy26"
"2120007870","Magoon","2717 WOODLAWN DR","uhm_admin","1","2025-9-16","247","31","$3,214.32","$6,616.11","$1,773.96","$3,398.34","$0.00","$5,172.30","fy26"
"8821362865","Waialae Gate","2800 KALELE RD","uhm_admin","1","2025-9-16","0","31","$114.62","$0.00","$57.31","$0.00","$0.00","$57.31","fy26"
"4510777068","Hemenway Area","2415 CAMPUS RD","uhm_admin","1","2025-9-16","61","31","$671.42","$4,521.06","$446.91","$2,320.72","$0.00","$2,767.63","fy26"
"5753055064","College of Ed Metcalf","2329 METCALF ST","uhm_admin","1","2025-9-17","395","32","$6,728.02","$5,136.91","$2,815.88","$2,083.48","$0.00","$4,899.36","fy26"
"2075731490","Hawaii Quad","2560 CAMPUS RD","uhm_admin","1","2025-9-16","1197","31","$16,537.36","$17,160.82","$8,491.08","$8,700.79","$0.00","$17,191.87","fy26"
"3660930616","Bachman Area","1635 UNIVERSITY AVE","uhm_admin","1","2025-10-16","149","30","$1,092.86","$5,669.27","$1,092.86","$5,669.27","$14,730.94","$6,762.13","fy26"
"828232769","UHM PRI","2500 DOLE ST","uhm_admin","1","2025-10-16","144","30","$2,032.82","$3,349.73","$1,058.11","$1,695.70","$2,350.81","$2,753.81","fy26"
"6395697372","Parking structure ","2525 DOLE ST","uhm_admin","1","2025-10-16","1920","28","$13,471.13","$94,277.88","$13,471.13","$94,277.88","$110,009.51","$107,749.01","fy26"
"1970024388","Hawaii Hall AFS","2444 DOLE ST","uhm_admin","1","2025-10-16","0","30","$10.54","$0.00","$10.54","$0.00","$21.08","$10.54","fy26"
"7714052806","Hamiliton Library ","2444 DOLE ST","uhm_admin","1","2025-10-16","972","28","$6,882.53","$17,095.84","$6,882.53","$17,095.84","$26,542.28","$23,978.37","fy26"
"7308357431","Magoon","2727 WOODLAWN DR","uhm_admin","1","2025-10-16","32","30","$671.42","$488.46","$245.36","$197.93","$1,337.30","$443.29","fy26"
"6423941420","EW Dole","2566 DOLE ST","uhm_admin","1","2025-10-16","11262","30","$152,480.11","$302,614.29","$78,398.03","$152,457.70","$220.29","$230,855.73","fy26"
"3436873877","Keller Hall","2565 THE MALL","uhm_admin","1","2025-10-16","445","30","$3,163.38","$3,664.58","$3,163.38","$3,664.58","$10,052.09","$6,827.96","fy26"
"9149298847","Music Building","1512 UNIVERSITY AVE","uhm_admin","1","2025-10-16","36","30","$594.17","$1,030.15","$307.51","$522.02","$593.29","$829.53","fy26"
"2075731490","Hawaii Quad","2560 CAMPUS RD","uhm_admin","1","2025-10-16","1001","30","$7,128.88","$7,973.88","$7,128.88","$7,973.88","$33,698.18","$15,102.76","fy26"
"6588641878","Castle Memorial Building","1776 UNIVERSITY AVE","uhm_admin","1","2025-10-15","5","30","$69.82","$0.00","$69.82","$0.00","$139.64","$69.82","fy26"
"311848343","Institute for Astronomy ","2680 WOODLAWN DR","uhm_admin","1","2025-10-17","200","30","$1,447.31","$2,602.00","$1,447.31","$2,602.00","$8,276.96","$4,049.31","fy26"
"5867595493","Makai Campus","1590 UNIVERSITY AVE","uhm_admin","1","2025-10-17","0","29","$134.42","$77.55","$134.42","$77.55","$211.97","$211.97","fy26"
"34775567","Stan Sheriff Center","2421 DOLE ST","uhm_admin","1","2025-10-16","831","28","$5,902.58","$13,082.90","$5,902.58","$13,082.90","$21,359.47","$18,985.48","fy26"
"1526984921","Frear Hall","2568 DOLE ST","student_housing","1","2025-10-16","1153","30","$8,140.48","$11,791.21","$8,140.48","$11,791.21","$30,622.19","$19,931.69","fy26"
"8821362865","Waialae Gate","2800 KALELE RD","uhm_admin","1","2025-10-16","0","30","$114.62","$0.00","$57.31","$0.00","$57.31","$57.31","fy26"
"7418239794","Dole St. Parking Structure","2645 DOLE ST","uhm_admin","1","2025-10-16","3","30","$221.64","$0.00","$110.82","$0.00","$117.77","$110.82","fy26"
"9574993565","Sinclair Library ","2405 CAMPUS RD","uhm_admin","1","2025-10-16","785","30","$13,333.52","$16,197.76","$5,513.06","$7,483.09","$12,759.91","$12,996.15","fy26"
"702227448","College Hill","2234 KAMEHAMEHA AVE","uhm_admin","1","2025-10-16","316","30","$3,988.24","$1,248.94","$3,988.24","$1,248.94","$2,128.16","$5,237.18","fy26"
"6073360529","Law School","2505 DOLE ST","uhm_admin","1","2025-10-16","34","28","$293.61","$512.76","$293.61","$512.76","$817.95","$806.37","fy26"
"3552088266","Magoon","2719 WOODLAWN DR","uhm_admin","1","2025-10-16","0","30","$37.51","$0.00","$37.51","$0.00","$75.02","$37.51","fy26"
"9327860114","Bachman","2446 DOLE ST","uhm_admin","1","2025-10-16","0","30","$139.64","$0.00","$69.82","$0.00","$69.82","$69.82","fy26"
"1351227019","Law School bill but it  serves Building 171F, Makai Portables, and the Air Force & Army ROTC Bldgs","2750 VARSITY PL","uhm_admin","1","2025-10-16","73","30","$564.66","$888.94","$564.66","$888.94","$2,846.98","$1,453.60","fy26"
"8895599400","LC1 LC4 Temp Building","1490 UNIVERSITY AVE","uhm_admin","1","2025-10-16","81","30","$1,052.87","$2,671.44","$620.26","$1,386.65","$1,698.87","$2,006.91","fy26"
"9045013999","Bilger Hall","2545 THE MALL","uhm_admin","1","2025-10-16","18","30","$273.31","$224.55","$195.73","$142.37","$148.18","$338.10","fy26"
"2120007870","Magoon","2717 WOODLAWN DR","uhm_admin","1","2025-10-16","274","30","$1,961.61","$3,495.57","$1,961.61","$3,495.57","$9,830.43","$5,457.18","fy26"
"5753055064","College of Ed Metcalf","2329 METCALF ST","uhm_admin","1","2025-10-16","404","29","$6,859.46","$5,058.74","$4,043.58","$2,975.26","$4,941.05","$4,994.32","fy26"
"7540143529","Hale Anuenue","2741 VARSITY PL","student_housing","0","2025-10-16","87","30","$712.79","$1,177.15","$712.79","$1,177.15","$2,763.12","$1,889.94","fy26"
"6866598284","Music Dept ph1","2421 DOLE ST","uhm_admin","1","2025-10-16","112","28","$912.82","$1,890.15","$912.82","$1,890.15","$3,289.35","$2,802.97","fy26"
"1015515136","Bachman Hall"," 2444 Dole St","uhm_admin","1","2025-10-16","7","30","$105.96","$1,113.48","$105.96","$1,113.48","$2,788.61","$1,219.44","fy26"
"9282831505","East West 12 Main","2444 DOLE ST","uhm_admin","1","2025-10-16","6994","30","$96,689.10","$190,804.73","$49,338.40","$95,932.50","$135,717.04","$145,270.90","fy26"
"7923743424","Johnson Hall","2555 DOLE ST","student_housing","1","2025-10-16","0","30","$140.45","$1,395.90","$140.45","$1,395.90","$3,711.94","$1,536.35","fy26"
"4510777068","Hemenway Area","2415 CAMPUS RD","uhm_admin","1","2025-10-16","87","30","$1,074.52","$4,738.67","$627.61","$2,417.95","$2,424.85","$3,045.56","fy26"
"3196583104","ACM (will be torn down soon)","2340 DOLE ST","uhm_admin","1","2025-10-15","32","30","$337.02","$430.58","$337.02","$430.58","$1,187.79","$767.60","fy26"
"7090938420","Bachman Hall","2444 DOLE ST","uhm_admin","1","2025-10-16","0","30","$75.02","$0.00","$37.51","$0.00","$37.51","$37.51","fy26"
"2512030535","Hawaiian Studies","2645 DOLE ST","uhm_admin","1","2025-10-16","783","30","$5,568.98","$5,224.88","$5,568.98","$5,224.88","$22,646.17","$10,793.86","fy26"
"9106985821","College of Education","1726 UNIVERSITY AVE","uhm_admin","1","2025-10-16","390","29","$5,835.79","$12,739.13","$120.67","$616.93","$9,631.40","$9,175.13","fy26"
"5999861532","Campus Center","2505 CAMPUS RD","uhm_admin","1","2025-10-16","1399","30","$19,004.72","$13,167.62","$9,780.36","$6,731.97","$12,452.23","$16,512.33","fy26"
"7714052806","Hamiliton Library ","2444 DOLE ST","uhm_admin","1","2025-11-18","412","33","$2,990.53","$15,021.60","$2,990.53","$15,021.60","$23,978.37","$18,012.13","fy26"
"7308357431","Magoon","2727 WOODLAWN DR","uhm_admin","1","2025-11-14","23","29","$182.81","$160.89","$182.81","$160.89","$1,159.88","$343.70","fy26"
"7090938420","Bachman Hall","2444 DOLE ST","uhm_admin","1","2025-11-14","0","29","$37.51","$0.00","$37.51","$0.00","$75.02","$37.51","fy26"
"6866598284","Music Dept ph1","2421 DOLE ST","uhm_admin","1","2025-11-18","117","33","$947.57","$1,908.67","$947.57","$1,908.67","$2,802.97","$2,856.24","fy26"
"6588641878","Castle Memorial Building","1776 UNIVERSITY AVE","uhm_admin","1","2025-11-13","3","29","$69.82","$0.00","$69.82","$0.00","$69.82","$69.82","fy26"
"6423941420","EW Dole","2566 DOLE ST","uhm_admin","1","2025-11-14","10190","29","$70,947.63","$148,485.16","$70,947.63","$148,485.16","$455,094.40","$219,432.79","fy26"
"6395697372","Parking structure ","2525 DOLE ST","uhm_admin","1","2025-11-18","2325","33","$16,285.88","$95,778.00","$16,285.88","$95,778.00","$107,749.01","$112,063.88","fy26"
"6073360529","Law School","2505 DOLE ST","uhm_admin","1","2025-11-18","39","33","$328.36","$531.28","$328.36","$531.28","$806.37","$859.64","fy26"
"5999861532","Campus Center","2505 CAMPUS RD","uhm_admin","1","2025-11-14","1354","29","$9,467.61","$6,565.29","$9,467.61","$6,565.29","$32,172.34","$16,032.90","fy26"
"5867595493","Makai Campus","1590 UNIVERSITY AVE","uhm_admin","1","2025-11-18","0","32","$268.84","$155.10","$268.84","$155.10","$0.00","$211.97","fy26"
"5753055064","College of Ed Metcalf","2329 METCALF ST","uhm_admin","1","2025-11-17","348","32","$3,656.04","$2,765.25","$3,656.04","$2,765.25","$9,893.68","$4,396.77","fy26"
"4510777068","Hemenway Area","2415 CAMPUS RD","uhm_admin","1","2025-11-14","52","29","$384.36","$2,288.31","$384.36","$2,288.31","$5,813.19","$2,672.67","fy26"
"3660930616","Bachman Area","1635 UNIVERSITY AVE","uhm_admin","1","2025-11-14","210","29","$1,516.81","$5,896.14","$1,516.81","$5,896.14","$6,762.13","$7,412.95","fy26"
"3552088266","Magoon","2719 WOODLAWN DR","uhm_admin","1","2025-11-14","0","29","$37.51","$0.00","$37.51","$0.00","$37.51","$37.51","fy26"
"3436873877","Keller Hall","2565 THE MALL","uhm_admin","1","2025-11-14","314","29","$2,252.93","$3,178.43","$2,252.93","$3,178.43","$6,827.96","$5,431.36","fy26"
"3196583104","ACM (will be torn down soon)","2340 DOLE ST","uhm_admin","1","2025-11-13","42","29","$406.52","$467.62","$406.52","$467.62","$767.60","$874.14","fy26"
"2512030535","Hawaiian Studies","2645 DOLE ST","uhm_admin","1","2025-11-14","662","29","$4,728.03","$4,780.40","$4,728.03","$4,780.40","$10,793.86","$9,508.43","fy26"
"2120007870","Magoon","2717 WOODLAWN DR","uhm_admin","1","2025-11-14","251","29","$1,801.76","$3,412.23","$1,801.76","$3,412.23","$5,457.18","$5,213.99","fy26"
"2075731490","Hawaii Quad","2560 CAMPUS RD","uhm_admin","1","2025-11-14","1065","29","$7,573.68","$8,210.01","$7,573.68","$8,210.01","$15,102.76","$15,783.69","fy26"
"1970024388","Hawaii Hall AFS","2444 DOLE ST","uhm_admin","1","2025-11-14","0","29","$10.54","$0.00","$10.54","$0.00","$10.54","$10.54","fy26"
"1351227019","Law School bill but it  serves Building 171F, Makai Portables, and the Air Force & Army ROTC Bldgs","2750 VARSITY PL","uhm_admin","1","2025-11-14","78","29","$599.41","$907.46","$599.41","$907.46","$1,453.60","$1,506.87","fy26"
"1015515136","Bachman Hall"," 2444 Dole St","uhm_admin","1","2025-11-14","1","29","$64.26","$1,090.33","$64.26","$1,090.33","$1,219.44","$1,154.59","fy26"
"828232769","UHM PRI","2500 DOLE ST","uhm_admin","1","2025-11-14","138","29","$2,026.46","$3,291.24","$2,026.46","$3,291.24","$2,753.81","$2,688.96","fy26"
"702227448","College Hill","2234 KAMEHAMEHA AVE","uhm_admin","1","2025-11-17","239","32","$2,935.65","$961.88","$2,935.65","$961.88","$5,237.18","$3,897.53","fy26"
"311848343","Institute for Astronomy ","2680 WOODLAWN DR","uhm_admin","1","2025-11-17","178","31","$1,294.41","$2,518.66","$1,294.41","$2,518.66","$4,049.31","$3,813.07","fy26"
"34775567","Stan Sheriff Center","2421 DOLE ST","uhm_admin","1","2025-11-18","1350","33","$9,509.63","$15,004.35","$9,509.63","$15,004.35","$18,985.48","$24,513.98","fy26"
"9574993565","Sinclair Library ","2405 CAMPUS RD","uhm_admin","1","2025-11-14","474","29","$3,351.61","$6,330.22","$3,351.61","$6,330.22","$29,531.28","$9,681.83","fy26"
"9327860114","Bachman","2446 DOLE ST","uhm_admin","1","2025-11-14","0","29","$69.82","$0.00","$69.82","$0.00","$139.64","$69.82","fy26"
"9282831505","East West 12 Main","2444 DOLE ST","uhm_admin","1","2025-11-14","7534","29","$53,091.40","$97,932.66","$53,091.40","$97,932.66","$287,493.83","$151,024.06","fy26"
"9149298847","Music Building","1512 UNIVERSITY AVE","uhm_admin","1","2025-11-14","35","29","$300.56","$517.39","$300.56","$517.39","$1,624.32","$817.95","fy26"
"9106985821","College of Education","1726 UNIVERSITY AVE","uhm_admin","1","2025-11-17","416","32","$3,025.62","$6,427.44","$3,025.62","$6,427.44","$18,574.92","$9,453.06","fy26"
"9045013999","Bilger Hall","2545 THE MALL","uhm_admin","1","2025-11-14","7","29","$119.28","$105.33","$119.28","$105.33","$497.86","$224.61","fy26"
"8895599400","LC1 LC4 Temp Building","1490 UNIVERSITY AVE","uhm_admin","1","2025-11-14","18","29","$182.41","$1,150.52","$182.41","$1,150.52","$3,724.31","$1,332.93","fy26"
"8821362865","Waialae Gate","2800 KALELE RD","uhm_admin","1","2025-11-14","0","29","$57.31","$0.00","$57.31","$0.00","$114.62","$57.31","fy26"
"7418239794","Dole St. Parking Structure","2645 DOLE ST","uhm_admin","1","2025-11-14","3","29","$110.82","$0.00","$110.82","$0.00","$221.64","$110.82","fy26"
"7923743424","Johnson Hall","2555 DOLE ST","student_housing","1","2025-11-14","0","29","$280.90","$2,791.80","$280.90","$2,791.80","$0.00","$1,536.35","fy26"
"7540143529","Hale Anuenue","2741 VARSITY PL","student_housing","0","2025-11-14","80","29","$1,376.93","$2,326.52","$1,376.93","$2,326.52","$0.00","$1,813.51","fy26"
"1526984921","Frear Hall","2568 DOLE ST","student_housing","1","2025-11-14","1112","29","$15,996.01","$23,434.26","$15,996.01","$23,434.26","$0.00","$19,498.58","fy26"
"2512030535","Hawaiian Studies","2645 DOLE ST","uhm_admin","1","2025-12-17","718","33","$9,845.26","$9,764.52","$5,117.23","$4,984.12","$0.00","$10,101.35","fy26"
"8895599400","LC1 LC4 Temp Building","1490 UNIVERSITY AVE","uhm_admin","1","2025-12-15","50","31","$587.22","$2,421.42","$404.81","$1,270.90","$0.00","$1,675.71","fy26"
"2120007870","Magoon","2717 WOODLAWN DR","uhm_admin","1","2025-12-15","235","31","$3,492.32","$6,764.27","$1,690.56","$3,352.04","$0.00","$5,042.60","fy26"
"9045013999","Bilger Hall","2545 THE MALL","uhm_admin","1","2025-12-15","9","31","$252.46","$215.29","$133.18","$109.96","$0.00","$243.14","fy26"
"5753055064","College of Ed Metcalf","2329 METCALF ST","uhm_admin","1","2025-12-16","320","29","$5,950.67","$4,570.93","$2,294.63","$1,805.68","$0.00","$4,100.31","fy26"
"9106985821","College of Education","1726 UNIVERSITY AVE","uhm_admin","1","2025-12-16","363","29","$5,682.89","$12,655.79","$2,657.27","$6,228.35","$0.00","$8,885.62","fy26"
"2075731490","Hawaii Quad","2560 CAMPUS RD","uhm_admin","1","2025-12-15","824","31","$13,472.41","$15,526.43","$5,898.73","$7,316.42","$0.00","$13,215.15","fy26"
"9149298847","Music Building","1512 UNIVERSITY AVE","uhm_admin","1","2025-12-15","36","31","$608.07","$1,039.41","$307.51","$522.02","$0.00","$829.53","fy26"
"1970024388","Hawaii Hall AFS","2444 DOLE ST","uhm_admin","1","2025-12-15","0","31","$21.08","$0.00","$10.54","$0.00","$0.00","$10.54","fy26"
"9282831505","East West 12 Main","2444 DOLE ST","uhm_admin","1","2025-12-15","7053","31","$102,839.85","$194,082.77","$49,748.45","$96,150.11","$0.00","$145,898.56","fy26"
"5999861532","Campus Center","2505 CAMPUS RD","uhm_admin","1","2025-12-15","1326","31","$18,740.62","$13,028.72","$9,273.01","$6,463.43","$0.00","$15,736.44","fy26"
"9327860114","Bachman","2446 DOLE ST","uhm_admin","1","2025-12-15","0","31","$139.64","$0.00","$69.82","$0.00","$0.00","$69.82","fy26"
"7540143529","Hale Anuenue","2741 VARSITY PL","student_housing","0","2025-12-15","83","31","$1,349.13","$2,308.00","-$27.80","-$18.52","$1,889.94","$1,843.62","fy26"
"9574993565","Sinclair Library ","2405 CAMPUS RD","uhm_admin","1","2025-12-15","608","31","$7,634.52","$13,155.85","$4,282.91","$6,825.63","$0.00","$11,108.54","fy26"
"6073360529","Law School","2505 DOLE ST","uhm_admin","1","2025-12-17","35","29","$300.56","$517.39","$300.56","$517.39","$859.64","$817.95","fy26"
"34775567","Stan Sheriff Center","2421 DOLE ST","uhm_admin","1","2025-12-17","1020","29","$7,216.13","$13,782.03","$7,216.13","$13,782.03","$24,513.98","$20,998.16","fy26"
"311848343","Institute for Astronomy ","2680 WOODLAWN DR","uhm_admin","1","2025-12-16","151","29","$2,401.17","$4,940.09","$1,106.76","$2,421.43","$0.00","$3,528.19","fy26"
"702227448","College Hill","2234 KAMEHAMEHA AVE","uhm_admin","1","2025-12-16","199","29","$5,324.50","$1,775.60","$2,388.85","$813.72","$0.00","$3,202.57","fy26"
"828232769","UHM PRI","2500 DOLE ST","uhm_admin","1","2025-12-15","113","31","$2,869.12","$4,871.19","$842.66","$1,579.95","$0.00","$2,422.61","fy26"
"7923743424","Johnson Hall","2555 DOLE ST","student_housing","1","2025-12-15","0","31","$280.90","$2,791.80","$0.00","$0.00","$1,536.35","$1,536.35","fy26"
"1015515136","Bachman Hall"," 2444 Dole St","uhm_admin","1","2025-12-15","2","31","$135.47","$2,185.29","$71.21","$1,094.96","$0.00","$1,166.17","fy26"
"6395697372","Parking structure ","2525 DOLE ST","uhm_admin","1","2025-12-17","2020","29","$14,166.13","$94,648.28","$14,166.13","$94,648.28","$112,063.88","$108,814.41","fy26"
"1351227019","Law School bill but it  serves Building 171F, Makai Portables, and the Air Force & Army ROTC Bldgs","2750 VARSITY PL","uhm_admin","1","2025-12-15","85","31","$1,247.47","$1,842.70","$648.06","$935.24","$0.00","$1,583.30","fy26"
"4510777068","Hemenway Area","2415 CAMPUS RD","uhm_admin","1","2025-12-15","52","31","$768.72","$4,576.62","$384.36","$2,288.31","$0.00","$2,672.67","fy26"
"6423941420","EW Dole","2566 DOLE ST","uhm_admin","1","2025-12-15","9997","31","$140,553.91","$296,257.30","$69,606.28","$147,772.14","$0.00","$217,378.42","fy26"
"3660930616","Bachman Area","1635 UNIVERSITY AVE","uhm_admin","1","2025-12-15","136","31","$2,519.32","$11,519.11","$1,002.51","$5,622.97","$0.00","$6,625.48","fy26"
"6588641878","Castle Memorial Building","1776 UNIVERSITY AVE","uhm_admin","1","2025-12-14","1","31","$139.64","$0.00","$69.82","$0.00","$0.00","$69.82","fy26"
"3552088266","Magoon","2719 WOODLAWN DR","uhm_admin","1","2025-12-15","0","31","$75.02","$0.00","$37.51","$0.00","$0.00","$37.51","fy26"
"6866598284","Music Dept ph1","2421 DOLE ST","uhm_admin","1","2025-12-17","115","29","$933.67","$1,899.41","$933.67","$1,899.41","$2,856.24","$2,833.08","fy26"
"5867595493","Makai Campus","1590 UNIVERSITY AVE","uhm_admin","1","2025-12-17","0","29","$268.84","$155.10","$0.00","$0.00","$211.97","$211.97","fy26"
"7090938420","Bachman Hall","2444 DOLE ST","uhm_admin","1","2025-12-15","0","31","$75.02","$0.00","$37.51","$0.00","$0.00","$37.51","fy26"
"3436873877","Keller Hall","2565 THE MALL","uhm_admin","1","2025-12-15","252","31","$4,074.96","$6,129.99","$1,822.03","$2,951.56","$0.00","$4,773.59","fy26"
"7308357431","Magoon","2727 WOODLAWN DR","uhm_admin","1","2025-12-15","16","31","$316.97","$298.63","$134.16","$137.74","$0.00","$271.90","fy26"
"3196583104","ACM (will be torn down soon)","2340 DOLE ST","uhm_admin","1","2025-12-14","645","31","$4,597.37","$2,699.28","$4,597.37","$2,699.28","$874.14","$7,296.65","fy26"
"7418239794","Dole St. Parking Structure","2645 DOLE ST","uhm_admin","1","2025-12-15","7","31","$249.44","$0.00","$138.62","$0.00","$0.00","$138.62","fy26"
"1526984921","Frear Hall","2568 DOLE ST","student_housing","1","2025-12-15","1081","31","$15,410.21","$23,043.78","-$585.80","-$390.48","$20,143.66","$19,167.38","fy26"
"7714052806","Hamiliton Library ","2444 DOLE ST","uhm_admin","1","2025-12-17","894","29","$6,340.43","$16,804.15","$6,340.43","$16,804.15","$18,012.13","$23,144.58","fy26"
"8821362865","Waialae Gate","2800 KALELE RD","uhm_admin","1","2025-12-15","0","31","$114.62","$0.00","$57.31","$0.00","$0.00","$57.31","fy26"
"4510777068","Hemenway Area","2415 CAMPUS RD","uhm_admin","1","2026-1-15","24","31","$574.12","$4,317.85","$189.76","$2,029.54","$2,672.67","$2,219.30","fy26"
"5753055064","College of Ed Metcalf","2329 METCALF ST","uhm_admin","1","2026-1-15","359","30","$6,006.49","$5,053.74","$3,711.86","$3,248.06","$4,396.77","$4,935.40","fy26"
"5867595493","Makai Campus","1590 UNIVERSITY AVE","uhm_admin","1","2026-1-15","0","29","$268.84","$147.86","$268.84","$147.86","$211.97","$204.73","fy26"
"3436873877","Keller Hall","2565 THE MALL","uhm_admin","1","2026-1-15","30","31","$2,101.16","$4,941.51","$279.13","$1,989.95","$5,431.36","$2,269.08","fy26"
"5999861532","Campus Center","2505 CAMPUS RD","uhm_admin","1","2026-1-15","970","31","$16,071.82","$12,718.51","$6,798.81","$6,255.08","$16,032.90","$13,053.89","fy26"
"6073360529","Law School","2505 DOLE ST","uhm_admin","1","2026-1-15","6","29","$399.57","$900.69","$99.01","$383.30","$0.00","$482.31","fy26"
"6395697372","Parking structure ","2525 DOLE ST","uhm_admin","1","2026-1-15","1518","29","$24,843.36","$181,382.26","$10,677.23","$86,733.98","$0.00","$97,411.21","fy26"
"6423941420","EW Dole","2566 DOLE ST","uhm_admin","1","2026-1-15","8204","31","$126,751.21","$289,775.83","$57,144.93","$142,003.69","$219,432.79","$199,148.62","fy26"
"6588641878","Castle Memorial Building","1776 UNIVERSITY AVE","uhm_admin","1","2026-1-13","0","30","$139.64","$0.00","$69.82","$0.00","$69.82","$69.82","fy26"
"6866598284","Music Dept ph1","2421 DOLE ST","uhm_admin","1","2026-1-15","63","29","$572.27","$1,653.25","$572.27","$1,653.25","$2,833.08","$2,225.52","fy26"
"7090938420","Bachman Hall","2444 DOLE ST","uhm_admin","1","2026-1-15","0","31","$75.02","$0.00","$37.51","$0.00","$37.51","$37.51","fy26"
"7308357431","Magoon","2727 WOODLAWN DR","uhm_admin","1","2026-1-15","11","31","$233.57","$264.63","$99.41","$126.89","$343.70","$226.30","fy26"
"7418239794","Dole St. Parking Structure","2645 DOLE ST","uhm_admin","1","2026-1-15","4","31","$256.39","$0.00","$117.77","$0.00","$110.82","$117.77","fy26"
"8821362865","Waialae Gate","2800 KALELE RD","uhm_admin","1","2026-1-15","0","31","$114.62","$0.00","$57.31","$0.00","$57.31","$57.31","fy26"
"8895599400","LC1 LC4 Temp Building","1490 UNIVERSITY AVE","uhm_admin","1","2026-1-15","53","31","$830.47","$2,523.74","$425.66","$1,252.84","$1,332.93","$1,678.50","fy26"
"9045013999","Bilger Hall","2545 THE MALL","uhm_admin","1","2026-1-15","0","31","$70.63","$70.78","$70.63","$70.78","$467.75","$141.41","fy26"
"9106985821","College of Education","1726 UNIVERSITY AVE","uhm_admin","1","2026-1-15","392","30","$5,516.09","$12,648.69","$2,858.82","$6,420.34","$9,453.06","$9,279.16","fy26"
"9149298847","Music Building","1512 UNIVERSITY AVE","uhm_admin","1","2026-1-15","25","31","$538.57","$1,000.66","$231.06","$478.64","$817.95","$709.70","fy26"
"9282831505","East West 12 Main","2444 DOLE ST","uhm_admin","1","2026-1-15","6356","31","$94,652.75","$191,776.80","$44,904.30","$95,626.69","$151,024.06","$140,530.99","fy26"
"9327860114","Bachman","2446 DOLE ST","uhm_admin","1","2026-1-15","0","31","$139.64","$0.00","$69.82","$0.00","$69.82","$69.82","fy26"
"9574993565","Sinclair Library ","2405 CAMPUS RD","uhm_admin","1","2026-1-15","660","31","$8,927.22","$14,294.49","$4,644.31","$7,468.86","$9,681.83","$12,113.17","fy26"
"828232769","UHM PRI","2500 DOLE ST","uhm_admin","1","2026-1-15","102","31","$2,602.52","$4,788.14","$1,759.86","$3,208.19","$2,688.96","$2,339.31","fy26"
"1015515136","Bachman Hall"," 2444 Dole St","uhm_admin","1","2026-1-15","3","31","$149.37","$2,098.36","$78.16","$1,003.40","$1,154.59","$1,081.56","fy26"
"1351227019","Law School bill but it  serves Building 171F, Makai Portables, and the Air Force & Army ROTC Bldgs","2750 VARSITY PL","uhm_admin","1","2026-1-15","81","31","$1,268.32","$1,906.85","$620.26","$971.61","$1,506.87","$1,591.87","fy26"
"1970024388","Hawaii Hall AFS","2444 DOLE ST","uhm_admin","1","2026-1-15","0","31","$21.08","$0.00","$10.54","$0.00","$10.54","$10.54","fy26"
"2075731490","Hawaii Quad","2560 CAMPUS RD","uhm_admin","1","2026-1-15","792","31","$11,575.06","$15,163.21","$5,676.33","$7,846.79","$15,783.69","$13,523.12","fy26"
"2120007870","Magoon","2717 WOODLAWN DR","uhm_admin","1","2026-1-15","210","31","$3,207.37","$6,664.73","$1,516.81","$3,312.69","$5,213.99","$4,829.50","fy26"
"2512030535","Hawaiian Studies","2645 DOLE ST","uhm_admin","1","2026-1-15","625","29","$9,588.11","$10,267.04","$4,470.88","$5,282.92","$9,508.43","$9,753.80","fy26"
"3196583104","ACM (will be torn down soon)","2340 DOLE ST","uhm_admin","1","2026-1-13","735","30","$9,820.24","$6,553.62","$5,222.87","$3,854.34","$0.00","$9,077.21","fy26"
"7923743424","Johnson Hall","2555 DOLE ST","student_housing","1","2026-1-15","0","31","$140.45","$1,274.04","$140.45","$1,274.04","$3,072.70","$1,414.49","fy26"
"34775567","Stan Sheriff Center","2421 DOLE ST","uhm_admin","1","2026-1-15","713","29","$12,298.61","$26,469.96","$5,082.48","$12,687.93","$0.00","$17,770.41","fy26"
"7540143529","Hale Anuenue","2741 VARSITY PL","student_housing","0","2026-1-15","35","31","$351.39","$953.20","$351.39","$953.20","$3,657.13","$1,304.59","fy26"
"311848343","Institute for Astronomy ","2680 WOODLAWN DR","uhm_admin","1","2026-1-17","141","32","$2,144.02","$4,826.56","$1,037.26","$2,405.13","$3,813.07","$3,442.39","fy26"
"1526984921","Frear Hall","2568 DOLE ST","student_housing","1","2026-1-15","709","31","$5,054.68","$10,401.71","$5,054.68","$10,401.71","$38,453.99","$15,456.39","fy26"
"702227448","College Hill","2234 KAMEHAMEHA AVE","uhm_admin","1","2026-1-15","183","30","$4,558.98","$1,802.62","$2,170.13","$988.90","$3,897.53","$3,159.03","fy26"
"3552088266","Magoon","2719 WOODLAWN DR","uhm_admin","1","2026-1-15","0","31","$75.02","$0.00","$37.51","$0.00","$37.51","$37.51","fy26"
"3660930616","Bachman Area","1635 UNIVERSITY AVE","uhm_admin","1","2026-1-15","66","31","$1,518.52","$10,625.00","$516.01","$5,002.03","$7,412.95","$5,518.04","fy26"
"7923743424","Johnson Hall","2555 DOLE ST","student_housing","1","2026-2-13","0","29","$140.45","$1,143.90","$140.45","$1,143.90","$1,414.49","$1,284.35","fy26"
"34775567","Stan Sheriff Center","2421 DOLE ST","uhm_admin","1","2026-2-17","888","33","$6,298.73","$13,842.45","$6,298.73","$13,842.45","$38,768.57","$20,141.18","fy26"
"8821362865","Waialae Gate","2800 KALELE RD","uhm_admin","1","2026-2-13","0","29","$57.31","$0.00","$57.31","$0.00","$114.62","$57.31","fy26"
"7540143529","Hale Anuenue","2741 VARSITY PL","student_housing","0","2026-2-13","74","29","$622.44","$1,168.10","$622.44","$1,168.10","$1,304.59","$1,790.54","fy26"
"311848343","Institute for Astronomy ","2680 WOODLAWN DR","uhm_admin","1","2026-2-13","102","27","$766.21","$2,177.10","$766.21","$2,177.10","$6,970.58","$2,943.31","fy26"
"4510777068","Hemenway Area","2415 CAMPUS RD","uhm_admin","1","2026-2-13","36","29","$273.16","$1,946.40","$273.16","$1,946.40","$4,891.97","$2,219.56","fy26"
"1526984921","Frear Hall","2568 DOLE ST","student_housing","1","2026-2-13","984","29","$6,965.93","$12,421.00","$6,965.93","$12,421.00","$15,456.39","$19,386.93","fy26"
"702227448","College Hill","2234 KAMEHAMEHA AVE","uhm_admin","1","2026-2-13","38","29","$309.42","$302.05","$309.42","$302.05","$6,361.60","$611.47","fy26"
"3196583104","ACM (will be torn down soon)","2340 DOLE ST","uhm_admin","1","2026-2-12","26","30","$295.32","$421.15","$295.32","$421.15","$16,373.86","$716.47","fy26"
"9574993565","Sinclair Library ","2405 CAMPUS RD","uhm_admin","1","2026-2-13","443","29","$3,136.16","$6,563.75","$3,136.16","$6,563.75","$23,221.71","$9,699.91","fy26"
"828232769","UHM PRI","2500 DOLE ST","uhm_admin","1","2026-2-13","106","29","$1,660.89","$3,390.86","$1,660.89","$3,390.86","$4,761.92","$2,423.01","fy26"
"3552088266","Magoon","2719 WOODLAWN DR","uhm_admin","1","2026-2-13","0","29","$37.51","$0.00","$37.51","$0.00","$75.02","$37.51","fy26"
"9327860114","Bachman","2446 DOLE ST","uhm_admin","1","2026-2-13","0","29","$69.82","$0.00","$69.82","$0.00","$139.64","$69.82","fy26"
"1015515136","Bachman Hall"," 2444 Dole St","uhm_admin","1","2026-2-13","6","29","$99.01","$929.45","$99.01","$929.45","$2,247.73","$1,028.46","fy26"
"7090938420","Bachman Hall","2444 DOLE ST","uhm_admin","1","2026-2-13","0","29","$37.51","$0.00","$37.51","$0.00","$75.02","$37.51","fy26"
"9282831505","East West 12 Main","2444 DOLE ST","uhm_admin","1","2026-2-13","5604","29","$39,677.90","$93,025.50","$39,677.90","$93,025.50","$286,429.55","$132,703.40","fy26"
"1351227019","Law School bill but it  serves Building 171F, Makai Portables, and the Air Force & Army ROTC Bldgs","2750 VARSITY PL","uhm_admin","1","2026-2-13","84","29","$641.11","$1,041.05","$641.11","$1,041.05","$3,175.17","$1,682.16","fy26"
"7714052806","Hamiliton Library ","2444 DOLE ST","uhm_admin","1","2026-2-17","905","33","$6,416.88","$16,813.50","$6,416.88","$16,813.50","$22,299.75","$23,230.38","fy26"
"9149298847","Music Building","1512 UNIVERSITY AVE","uhm_admin","1","2026-2-13","34","29","$293.61","$532.40","$293.61","$532.40","$1,539.23","$826.01","fy26"
"1970024388","Hawaii Hall AFS","2444 DOLE ST","uhm_admin","1","2026-2-13","0","29","$10.54","$0.00","$10.54","$0.00","$21.08","$10.54","fy26"
"3436873877","Keller Hall","2565 THE MALL","uhm_admin","1","2026-2-13","59","29","$759.81","$4,015.90","$759.81","$4,015.90","$4,773.59","$2,506.63","fy26"
"9106985821","College of Education","1726 UNIVERSITY AVE","uhm_admin","1","2026-2-13","97","29","$426.32","$4,346.99","$426.32","$4,346.99","$0.00","$5,432.32","fy26"
"2075731490","Hawaii Quad","2560 CAMPUS RD","uhm_admin","1","2026-2-13","571","29","$4,140.38","$7,128.40","$4,140.38","$7,128.40","$26,738.27","$11,268.78","fy26"
"3660930616","Bachman Area","1635 UNIVERSITY AVE","uhm_admin","1","2026-2-13","55","29","$439.56","$4,544.10","$439.56","$4,544.10","$12,143.52","$4,983.66","fy26"
"9045013999","Bilger Hall","2545 THE MALL","uhm_admin","1","2026-2-13","12","29","$224.66","$213.83","$224.66","$213.83","$0.00","$297.08","fy26"
"6073360529","Law School","2505 DOLE ST","uhm_admin","1","2026-2-17","35","33","$300.56","$540.35","$300.56","$540.35","$1,300.26","$840.91","fy26"
"2120007870","Magoon","2717 WOODLAWN DR","uhm_admin","1","2026-2-13","199","29","$1,440.36","$3,297.65","$1,440.36","$3,297.65","$9,872.10","$4,738.01","fy26"
"6395697372","Parking structure ","2525 DOLE ST","uhm_admin","1","2026-2-17","2102","33","$14,736.03","$84,802.10","$14,736.03","$84,802.10","$206,225.62","$99,538.13","fy26"
"7308357431","Magoon","2727 WOODLAWN DR","uhm_admin","1","2026-2-13","16","29","$134.16","$166.90","$134.16","$166.90","$498.20","$301.06","fy26"
"5999861532","Campus Center","2505 CAMPUS RD","uhm_admin","1","2026-2-13","1100","29","$7,702.31","$8,267.00","$7,702.31","$8,267.00","$28,790.33","$15,969.31","fy26"
"8895599400","LC1 LC4 Temp Building","1490 UNIVERSITY AVE","uhm_admin","1","2026-2-13","43","29","$356.16","$1,160.00","$356.16","$1,160.00","$3,354.21","$1,516.16","fy26"
"6423941420","EW Dole","2566 DOLE ST","uhm_admin","1","2026-2-13","8889","29","$61,905.68","$147,281.85","$61,905.68","$147,281.85","$416,527.04","$209,187.53","fy26"
"2512030535","Hawaiian Studies","2645 DOLE ST","uhm_admin","1","2026-2-13","669","29","$4,776.68","$6,159.75","$4,776.68","$6,159.75","$19,855.15","$10,936.43","fy26"
"5867595493","Makai Campus","1590 UNIVERSITY AVE","uhm_admin","1","2026-2-17","0","33","$134.42","$63.55","$134.42","$63.55","$416.70","$197.97","fy26"
"7418239794","Dole St. Parking Structure","2645 DOLE ST","uhm_admin","1","2026-2-13","3","29","$110.82","$0.00","$110.82","$0.00","$256.39","$110.82","fy26"
"6588641878","Castle Memorial Building","1776 UNIVERSITY AVE","uhm_admin","1","2026-2-12","0","30","$69.82","$0.00","$69.82","$0.00","$139.64","$69.82","fy26"
"5753055064","College of Ed Metcalf","2329 METCALF ST","uhm_admin","1","2026-2-13","92","29","$1,762.48","$2,068.77","$1,762.48","$2,068.77","$9,035.71","$1,806.73","fy26"
"6866598284","Music Dept ph1","2421 DOLE ST","uhm_admin","1","2026-2-17","108","33","$1,457.29","$3,544.40","$1,457.29","$3,544.40","$0.00","$2,776.17","fy26"
"5999861532","Campus Center","2505 CAMPUS RD","uhm_admin","1","2026-3-16","1138","31","$15,668.72","$16,772.50","$7,966.41","$8,505.50","$0.00","$16,471.91","fy26"
"34775567","Stan Sheriff Center","2421 DOLE ST","uhm_admin","1","2026-3-18","864","29","$12,430.66","$27,533.85","$6,131.93","$13,691.40","$0.00","$19,823.33","fy26"
"311848343","Institute for Astronomy ","2680 WOODLAWN DR","uhm_admin","1","2026-3-18","164","33","$1,963.32","$4,743.75","$1,197.11","$2,566.65","$0.00","$3,763.76","fy26"
"702227448","College Hill","2234 KAMEHAMEHA AVE","uhm_admin","1","2026-3-17","116","32","$1,563.66","$1,104.95","$1,254.24","$802.90","$0.00","$2,057.14","fy26"
"828232769","UHM PRI","2500 DOLE ST","uhm_admin","1","2026-3-16","37","31","$1,975.35","$4,582.61","$314.46","$1,191.75","$0.00","$1,506.21","fy26"
"1015515136","Bachman Hall"," 2444 Dole St","uhm_admin","1","2026-3-16","2","31","$170.22","$1,835.05","$71.21","$905.60","$0.00","$976.81","fy26"
"1351227019","Law School bill but it  serves Building 171F, Makai Portables, and the Air Force & Army ROTC Bldgs","2750 VARSITY PL","uhm_admin","1","2026-3-16","92","31","$1,337.82","$2,137.75","$696.71","$1,096.70","$0.00","$1,793.41","fy26"
"1970024388","Hawaii Hall AFS","2444 DOLE ST","uhm_admin","1","2026-3-16","0","31","$21.08","$0.00","$10.54","$0.00","$0.00","$10.54","fy26"
"2075731490","Hawaii Quad","2560 CAMPUS RD","uhm_admin","1","2026-3-16","457","31","$7,488.46","$13,533.35","$3,348.08","$6,404.95","$0.00","$9,753.03","fy26"
"2120007870","Magoon","2717 WOODLAWN DR","uhm_admin","1","2026-3-16","213","31","$2,978.02","$6,682.75","$1,537.66","$3,385.10","$0.00","$4,922.76","fy26"
"2512030535","Hawaiian Studies","2645 DOLE ST","uhm_admin","1","2026-3-16","726","31","$9,949.51","$12,685.20","$5,172.83","$6,525.45","$0.00","$11,698.28","fy26"
"3196583104","ACM (will be torn down soon)","2340 DOLE ST","uhm_admin","1","2026-3-15","0","31","$409.94","$675.35","$114.62","$254.20","$0.00","$368.82","fy26"
"3436873877","Keller Hall","2565 THE MALL","uhm_admin","1","2026-3-16","68","31","$1,023.91","$4,107.55","$264.10","$91.65","$2,269.08","$2,624.83","fy26"
"3552088266","Magoon","2719 WOODLAWN DR","uhm_admin","1","2026-3-16","0","31","$75.02","$0.00","$37.51","$0.00","$0.00","$37.51","fy26"
"3660930616","Bachman Area","1635 UNIVERSITY AVE","uhm_admin","1","2026-3-16","60","31","$474.31","$4,575.90","$474.31","$4,575.90","$4,983.66","$5,050.21","fy26"
"4510777068","Hemenway Area","2415 CAMPUS RD","uhm_admin","1","2026-3-16","30","31","$504.62","$3,853.05","$231.46","$1,906.65","$0.00","$2,138.11","fy26"
"5753055064","College of Ed Metcalf","2329 METCALF ST","uhm_admin","1","2026-3-17","11","32","$970.33","$1,781.22","-$792.15","-$287.55","$1,806.73","$727.03","fy26"
"5867595493","Makai Campus","1590 UNIVERSITY AVE","uhm_admin","1","2026-3-18","0","29","$134.42","$63.55","$134.42","$63.55","$197.97","$197.97","fy26"
"6073360529","Law School","2505 DOLE ST","uhm_admin","1","2026-3-18","34","29","$594.17","$1,072.75","$293.61","$532.40","$0.00","$826.01","fy26"
"6395697372","Parking structure ","2525 DOLE ST","uhm_admin","1","2026-3-18","1743","29","$26,977.01","$167,314.60","$12,240.98","$82,512.50","$0.00","$94,753.48","fy26"
"6423941420","EW Dole","2566 DOLE ST","uhm_admin","1","2026-3-16","9658","31","$129,155.91","$299,452.95","$67,250.23","$152,171.10","$0.00","$219,421.33","fy26"
"6588641878","Castle Memorial Building","1776 UNIVERSITY AVE","uhm_admin","1","2026-3-15","1","31","$139.64","$0.00","$69.82","$0.00","$0.00","$69.82","fy26"
"6866598284","Music Dept ph1","2421 DOLE ST","uhm_admin","1","2026-3-18","60","29","$1,436.44","$3,480.20","-$20.85","-$64.20","$2,225.52","$2,140.47","fy26"
"7090938420","Bachman Hall","2444 DOLE ST","uhm_admin","1","2026-3-16","0","31","$75.02","$0.00","$37.51","$0.00","$0.00","$37.51","fy26"
"7308357431","Magoon","2727 WOODLAWN DR","uhm_admin","1","2026-3-16","17","31","$275.27","$341.75","$141.11","$174.85","$0.00","$315.96","fy26"
"7418239794","Dole St. Parking Structure","2645 DOLE ST","uhm_admin","1","2026-3-16","1","31","$207.74","$0.00","$96.92","$0.00","$0.00","$96.92","fy26"
"7714052806","Hamiliton Library ","2444 DOLE ST","uhm_admin","1","2026-3-18","843","29","$5,985.98","$16,416.00","$5,985.98","$16,416.00","$23,230.38","$22,401.98","fy26"
"8821362865","Waialae Gate","2800 KALELE RD","uhm_admin","1","2026-3-16","0","31","$114.62","$0.00","$57.31","$0.00","$0.00","$57.31","fy26"
"8895599400","LC1 LC4 Temp Building","1490 UNIVERSITY AVE","uhm_admin","1","2026-3-16","22","31","$566.37","$2,192.80","$210.21","$1,032.80","$0.00","$1,243.01","fy26"
"9045013999","Bilger Hall","2545 THE MALL","uhm_admin","1","2026-3-16","15","31","$399.54","$372.78","$174.88","$158.95","$0.00","$333.83","fy26"
"9106985821","College of Education","1726 UNIVERSITY AVE","uhm_admin","1","2026-3-15","191","30","$1,888.19","$9,566.99","$1,461.87","$5,220.00","$0.00","$6,681.87","fy26"
"9149298847","Music Building","1512 UNIVERSITY AVE","uhm_admin","1","2026-3-16","38","31","$615.02","$1,088.65","$321.41","$556.25","$0.00","$877.66","fy26"
"9327860114","Bachman","2446 DOLE ST","uhm_admin","1","2026-3-16","0","31","$139.64","$0.00","$69.82","$0.00","$0.00","$69.82","fy26"
"9574993565","Sinclair Library ","2405 CAMPUS RD","uhm_admin","1","2026-3-16","118","31","$4,013.57","$11,060.50","$877.41","$4,496.75","$0.00","$5,374.16","fy26"
"1526984921","Frear Hall","2568 DOLE ST","student_housing","1","2026-3-16","1087","31","$14,647.71","$25,501.85","$14,647.71","$25,501.85","$0.00","$20,762.63","fy26"
"7540143529","Hale Anuenue","2741 VARSITY PL","student_housing","0","2026-3-16","80","31","$1,286.58","$2,375.95","$1,286.58","$2,375.95","$0.00","$1,871.99","fy26"
"7923743424","Johnson Hall","2555 DOLE ST","student_housing","1","2026-3-16","0","31","$280.90","$2,287.80","$280.90","$2,287.80","$0.00","$1,284.35","fy26"
"9282831505","East West 12 Main","2444 DOLE ST","uhm_admin","1","2026-3-16","5072","31","$75,658.40","$182,672.25","$75,658.40","$182,672.25","$0.00","$125,627.25","fy26"
"9106985821","College of Education","1726 UNIVERSITY AVE","uhm_admin","1","2026-4-16","208","32","$1,580.02","$5,323.35","$1,580.02","$5,323.35","$11,455.18","$6,903.37","fy26"
"7540143529","Hale Anuenue","2741 VARSITY PL","student_housing","0","2026-4-16","68","31","$580.74","$1,128.35","$580.74","$1,128.35","$3,662.53","$1,709.09","fy26"
"3436873877","Keller Hall","2565 THE MALL","uhm_admin","1","2026-4-16","66","31","$529.33","$2,073.65","$529.33","$2,073.65","$5,131.46","$2,602.98","fy26"
"2512030535","Hawaiian Studies","2645 DOLE ST","uhm_admin","1","2026-4-16","294","31","$2,170.43","$3,774.75","$2,170.43","$3,774.75","$22,634.71","$5,945.18","fy26"
"6588641878","Castle Memorial Building","1776 UNIVERSITY AVE","uhm_admin","1","2026-4-15","0","31","$69.82","$0.00","$69.82","$0.00","$139.64","$69.82","fy26"
"5753055064","College of Ed Metcalf","2329 METCALF ST","uhm_admin","1","2026-4-16","0","30","$1,040.96","$2,289.62","$70.63","$508.40","$0.00","$579.03","fy26"
"6423941420","EW Dole","2566 DOLE ST","uhm_admin","1","2026-4-16","8959","31","$62,392.18","$147,727.05","$62,392.18","$147,727.05","$428,608.86","$210,119.23","fy26"
"7923743424","Johnson Hall","2555 DOLE ST","student_housing","1","2026-4-16","204","31","$1,698.70","$3,583.65","$1,417.80","$1,295.85","$1,284.35","$3,998.00","fy26"
"1970024388","Hawaii Hall AFS","2444 DOLE ST","uhm_admin","1","2026-4-16","0","31","$10.54","$0.00","$10.54","$0.00","$21.08","$10.54","fy26"
"7090938420","Bachman Hall","2444 DOLE ST","uhm_admin","1","2026-4-16","0","31","$37.51","$0.00","$37.51","$0.00","$75.02","$37.51","fy26"
"9149298847","Music Building","1512 UNIVERSITY AVE","uhm_admin","1","2026-4-16","33","31","$286.66","$524.45","$286.66","$524.45","$1,703.67","$811.11","fy26"
"5867595493","Makai Campus","1590 UNIVERSITY AVE","uhm_admin","1","2026-4-17","0","30","$134.42","$63.55","$134.42","$63.55","$197.97","$197.97","fy26"
"1015515136","Bachman Hall"," 2444 Dole St","uhm_admin","1","2026-4-16","3","31","$78.16","$905.60","$78.16","$905.60","$2,005.27","$983.76","fy26"
"8821362865","Waialae Gate","2800 KALELE RD","uhm_admin","1","2026-4-16","0","31","$57.31","$0.00","$57.31","$0.00","$114.62","$57.31","fy26"
"6395697372","Parking structure ","2525 DOLE ST","uhm_admin","1","2026-4-17","1770","30","$12,428.63","$82,687.40","$12,428.63","$82,687.40","$194,291.61","$95,116.03","fy26"
"5999861532","Campus Center","2505 CAMPUS RD","uhm_admin","1","2026-4-16","802","31","$5,631.21","$6,374.90","$5,631.21","$6,374.90","$32,441.22","$12,006.11","fy26"
"9282831505","East West 12 Main","2444 DOLE ST","uhm_admin","1","2026-4-16","4937","31","$35,042.25","$88,788.15","$35,042.25","$88,788.15","$258,330.65","$123,830.40","fy26"
"2120007870","Magoon","2717 WOODLAWN DR","uhm_admin","1","2026-4-16","219","31","$1,579.36","$3,424.85","$1,579.36","$3,424.85","$9,660.77","$5,004.21","fy26"
"6073360529","Law School","2505 DOLE ST","uhm_admin","1","2026-4-17","29","30","$258.86","$500.60","$258.86","$500.60","$1,666.92","$759.46","fy26"
"828232769","UHM PRI","2500 DOLE ST","uhm_admin","1","2026-4-16","22","31","$892.52","$3,042.78","$578.06","$1,851.03","$3,929.22","$1,306.56","fy26"
"3660930616","Bachman Area","1635 UNIVERSITY AVE","uhm_admin","1","2026-4-16","38","31","$321.41","$4,432.80","$321.41","$4,432.80","$5,050.21","$4,754.21","fy26"
"9327860114","Bachman","2446 DOLE ST","uhm_admin","1","2026-4-16","0","31","$69.82","$0.00","$69.82","$0.00","$139.64","$69.82","fy26"
"702227448","College Hill","2234 KAMEHAMEHA AVE","uhm_admin","1","2026-4-16","92","30","$926.16","$651.85","$926.16","$651.85","$2,668.61","$1,578.01","fy26"
"3196583104","ACM (will be torn down soon)","2340 DOLE ST","uhm_admin","1","2026-4-15","0","31","$229.24","$508.40","$114.62","$254.20","$716.47","$368.82","fy26"
"9574993565","Sinclair Library ","2405 CAMPUS RD","uhm_admin","1","2026-4-16","514","31","$3,629.61","$7,016.90","$3,629.61","$7,016.90","$15,074.07","$10,646.51","fy26"
"8895599400","LC1 LC4 Temp Building","1490 UNIVERSITY AVE","uhm_admin","1","2026-4-16","49","31","$397.86","$1,199.75","$397.86","$1,199.75","$2,759.17","$1,597.61","fy26"
"311848343","Institute for Astronomy ","2680 WOODLAWN DR","uhm_admin","1","2026-4-17","148","30","$1,085.91","$2,463.30","$1,085.91","$2,463.30","$6,707.07","$3,549.21","fy26"
"34775567","Stan Sheriff Center","2421 DOLE ST","uhm_admin","1","2026-4-17","713","30","$5,082.48","$12,729.45","$5,082.48","$12,729.45","$39,964.51","$17,811.93","fy26"
"7308357431","Magoon","2727 WOODLAWN DR","uhm_admin","1","2026-4-16","169","31","$1,197.51","$1,136.80","$1,197.51","$1,136.80","$617.02","$2,334.31","fy26"
"2075731490","Hawaii Quad","2560 CAMPUS RD","uhm_admin","1","2026-4-16","292","31","$2,201.33","$5,355.55","$2,201.33","$5,355.55","$21,021.81","$7,556.88","fy26"
"3552088266","Magoon","2719 WOODLAWN DR","uhm_admin","1","2026-4-16","0","31","$37.51","$0.00","$37.51","$0.00","$75.02","$37.51","fy26"
"1526984921","Frear Hall","2568 DOLE ST","student_housing","1","2026-4-16","1075","31","$15,280.16","$26,082.20","$632.45","$580.35","$19,386.93","$20,599.73","fy26"
"1351227019","Law School bill but it  serves Building 171F, Makai Portables, and the Air Force & Army ROTC Bldgs","2750 VARSITY PL","uhm_admin","1","2026-4-16","79","31","$606.36","$1,009.25","$606.36","$1,009.25","$3,475.57","$1,615.61","fy26"
"7418239794","Dole St. Parking Structure","2645 DOLE ST","uhm_admin","1","2026-4-16","1","31","$96.92","$0.00","$96.92","$0.00","$207.74","$96.92","fy26"
"7714052806","Hamiliton Library ","2444 DOLE ST","uhm_admin","1","2026-4-17","798","30","$5,673.23","$16,129.80","$5,673.23","$16,129.80","$22,401.98","$21,803.03","fy26"
"6866598284","Music Dept ph1","2421 DOLE ST","uhm_admin","1","2026-4-17","79","30","$683.47","$1,708.30","$683.47","$1,708.30","$4,916.64","$2,391.77","fy26"
"4510777068","Hemenway Area","2415 CAMPUS RD","uhm_admin","1","2026-4-16","23","31","$182.81","$1,858.95","$182.81","$1,858.95","$4,357.67","$2,041.76","fy26"
"9045013999","Bilger Hall","2545 THE MALL","uhm_admin","1","2026-4-16","16","31","$181.83","$166.90","$181.83","$166.90","$772.32","$348.73","fy26"
"1015515136","Bachman Hall"," 2444 Dole St","uhm_admin","1","2026-5-18","2","32","$71.21","$905.60","$71.21","$905.60","$983.76","$976.81","fy26"
"6423941420","EW Dole","2566 DOLE ST","uhm_admin","1","2026-5-18","10027","32","$69,814.78","$154,524.30","$69,814.78","$154,524.30","$2,489.28","$224,339.08","fy26"
"2075731490","Hawaii Quad","2560 CAMPUS RD","uhm_admin","1","2026-5-18","607","32","$4,390.58","$7,358.95","$4,390.58","$7,358.95","$7,556.88","$11,749.53","fy26"
"6395697372","Parking structure ","2525 DOLE ST","uhm_admin","1","2026-5-19","2424","32","$16,973.93","$86,845.25","$16,973.93","$86,845.25","$95,116.03","$103,819.18","fy26"
"6073360529","Law School","2505 DOLE ST","uhm_admin","1","2026-5-19","34","32","$293.61","$532.40","$293.61","$532.40","$759.46","$826.01","fy26"
"2120007870","Magoon","2717 WOODLAWN DR","uhm_admin","1","2026-5-18","207","32","$1,495.96","$3,353.30","$1,495.96","$3,353.30","$5,004.21","$4,849.26","fy26"
"5999861532","Campus Center","2505 CAMPUS RD","uhm_admin","1","2026-5-18","1016","32","$7,118.51","$7,734.35","$7,118.51","$7,734.35","$12,006.11","$14,852.86","fy26"
"2512030535","Hawaiian Studies","2645 DOLE ST","uhm_admin","1","2026-5-18","107","32","$870.78","$2,590.20","$870.78","$2,590.20","$5,945.18","$3,460.98","fy26"
"5867595493","Makai Campus","1590 UNIVERSITY AVE","uhm_admin","1","2026-5-19","0","32","$134.42","$63.55","$134.42","$63.55","$197.97","$197.97","fy26"
"5753055064","College of Ed Metcalf","2329 METCALF ST","uhm_admin","1","2026-5-15","227","29","$2,148.34","$3,479.76","$2,148.34","$3,479.76","$1,306.06","$3,603.58","fy26"
"3196583104","ACM (will be torn down soon)","2340 DOLE ST","uhm_admin","1","2026-5-15","0","30","$114.62","$254.20","$114.62","$254.20","$737.64","$368.82","fy26"
"4510777068","Hemenway Area","2415 CAMPUS RD","uhm_admin","1","2026-5-18","31","32","$238.41","$1,914.60","$238.41","$1,914.60","$2,041.76","$2,153.01","fy26"
"3660930616","Bachman Area","1635 UNIVERSITY AVE","uhm_admin","1","2026-5-18","169","32","$1,231.86","$5,267.55","$1,231.86","$5,267.55","$4,754.21","$6,499.41","fy26"
"3436873877","Keller Hall","2565 THE MALL","uhm_admin","1","2026-5-18","730","32","$5,144.13","$6,295.10","$5,144.13","$6,295.10","$2,602.98","$11,439.23","fy26"
"9574993565","Sinclair Library ","2405 CAMPUS RD","uhm_admin","1","2026-5-18","792","32","$5,561.71","$8,789.75","$5,561.71","$8,789.75","$10,646.51","$14,351.46","fy26"
"1526984921","Frear Hall","2568 DOLE ST","student_housing","1","2026-5-18","1052","32","$15,097.18","$25,962.23","$14,464.73","$25,381.88","$20,599.73","$20,296.78","fy26"
"3552088266","Magoon","2719 WOODLAWN DR","uhm_admin","1","2026-5-18","0","32","$37.51","$0.00","$37.51","$0.00","$37.51","$37.51","fy26"
"7540143529","Hale Anuenue","2741 VARSITY PL","student_housing","0","2026-5-18","69","32","$587.69","$1,136.30","$587.69","$1,136.30","$1,709.09","$1,723.99","fy26"
"7923743424","Johnson Hall","2555 DOLE ST","student_housing","1","2026-5-18","432","32","$3,142.85","$3,894.60","$3,142.85","$3,894.60","$5,282.35","$7,037.45","fy26"
"9282831505","East West 12 Main","2444 DOLE ST","uhm_admin","1","2026-5-18","6296","32","$44,487.30","$97,429.80","$44,487.30","$97,429.80","$123,830.40","$141,917.10","fy26"
"9149298847","Music Building","1512 UNIVERSITY AVE","uhm_admin","1","2026-5-18","37","32","$314.46","$556.25","$314.46","$556.25","$811.11","$870.71","fy26"
"34775567","Stan Sheriff Center","2421 DOLE ST","uhm_admin","1","2026-5-19","752","32","$5,353.53","$12,983.85","$5,353.53","$12,983.85","$17,811.93","$18,337.38","fy26"
"311848343","Institute for Astronomy ","2680 WOODLAWN DR","uhm_admin","1","2026-5-18","146","31","$1,072.01","$2,455.35","$1,072.01","$2,455.35","$3,549.21","$3,527.36","fy26"
"9106985821","College of Education","1726 UNIVERSITY AVE","uhm_admin","1","2026-5-15","218","29","$1,649.52","$5,386.95","$1,649.52","$5,386.95","$6,903.37","$7,036.47","fy26"
"702227448","College Hill","2234 KAMEHAMEHA AVE","uhm_admin","1","2026-5-15","179","29","$2,115.45","$1,200.40","$2,115.45","$1,200.40","$1,578.01","$3,315.85","fy26"
"9327860114","Bachman","2446 DOLE ST","uhm_admin","1","2026-5-18","0","32","$69.82","$0.00","$69.82","$0.00","$69.82","$69.82","fy26"
"9045013999","Bilger Hall","2545 THE MALL","uhm_admin","1","2026-5-19","14","33","$167.93","$151.00","$167.93","$151.00","$348.73","$318.93","fy26"
"8895599400","LC1 LC4 Temp Building","1490 UNIVERSITY AVE","uhm_admin","1","2026-5-18","43","32","$356.16","$1,160.00","$356.16","$1,160.00","$1,597.61","$1,516.16","fy26"
"828232769","UHM PRI","2500 DOLE ST","uhm_admin","1","2026-5-18","86","32","$1,141.26","$3,644.29","$1,141.26","$3,644.29","$1,306.56","$2,156.81","fy26"
"8821362865","Waialae Gate","2800 KALELE RD","uhm_admin","1","2026-5-18","0","32","$57.31","$0.00","$57.31","$0.00","$57.31","$57.31","fy26"
"7714052806","Hamiliton Library ","2444 DOLE ST","uhm_admin","1","2026-5-18","951","31","$6,736.58","$17,107.65","$6,736.58","$17,107.65","$21,803.03","$23,844.23","fy26"
"6588641878","Castle Memorial Building","1776 UNIVERSITY AVE","uhm_admin","1","2026-5-15","1","30","$69.82","$0.00","$69.82","$0.00","$69.82","$69.82","fy26"
"7418239794","Dole St. Parking Structure","2645 DOLE ST","uhm_admin","1","2026-5-18","2","32","$103.87","$0.00","$103.87","$0.00","$96.92","$103.87","fy26"
"7308357431","Magoon","2727 WOODLAWN DR","uhm_admin","1","2026-5-18","141","32","$2,200.42","$2,098.70","$2,200.42","$2,098.70","$0.00","$1,964.81","fy26"
"1351227019","Law School bill but it  serves Building 171F, Makai Portables, and the Air Force & Army ROTC Bldgs","2750 VARSITY PL","uhm_admin","1","2026-5-18","62","32","$488.21","$905.90","$488.21","$905.90","$1,615.61","$1,394.11","fy26"
"7090938420","Bachman Hall","2444 DOLE ST","uhm_admin","1","2026-5-18","0","32","$37.51","$0.00","$37.51","$0.00","$37.51","$37.51","fy26"
"6866598284","Music Dept ph1","2421 DOLE ST","uhm_admin","1","2026-5-19","124","32","$996.22","$1,994.50","$996.22","$1,994.50","$2,391.77","$2,990.72","fy26"
"1970024388","Hawaii Hall AFS","2444 DOLE ST","uhm_admin","1","2026-5-18","0","32","$10.54","$0.00","$10.54","$0.00","$10.54","$10.54","fy26"
"5999861532","Campus Center","2505 CAMPUS RD","uhm_admin","1","2026-6-17","839","30","$5,888.36","$6,605.45","$5,888.36","$6,605.45","$14,852.86","$12,493.81","fy26"
"9282831505","East West 12 Main","2444 DOLE ST","uhm_admin","1","2026-6-17","5323","30","$37,724.95","$91,236.75","$37,724.95","$91,236.75","$141,917.10","$128,961.70","fy26"
"9327860114","Bachman","2446 DOLE ST","uhm_admin","1","2026-6-17","0","30","$69.82","$0.00","$69.82","$0.00","$69.82","$69.82","fy26"
"6423941420","EW Dole","2566 DOLE ST","uhm_admin","1","2026-6-17","7985","30","$55,622.88","$141,534.00","$55,622.88","$141,534.00","$224,339.08","$197,156.88","fy26"
"9574993565","Sinclair Library ","2405 CAMPUS RD","uhm_admin","1","2026-6-17","992","30","$6,951.71","$10,061.75","$6,951.71","$10,061.75","$14,351.46","$17,013.46","fy26"
"1526984921","Frear Hall","2568 DOLE ST","student_housing","1","2026-6-17","570","30","$11,698.99","$22,941.82","-$2,765.74","-$2,440.06","$20,296.78","$13,878.18","fy26"
"7540143529","Hale Anuenue","2741 VARSITY PL","student_housing","0","2026-6-17","7","30","$156.79","$746.75","$156.79","$746.75","$1,723.99","$903.54","fy26"
"7923743424","Johnson Hall","2555 DOLE ST","student_housing","1","2026-6-17","426","30","$3,101.15","$3,854.85","$3,101.15","$3,854.85","$7,037.45","$6,956.00","fy26"
"34775567","Stan Sheriff Center","2421 DOLE ST","uhm_admin","1","2026-6-18","1378","30","$9,704.23","$16,958.85","$9,704.23","$16,958.85","$18,337.38","$26,663.08","fy26"
"311848343","Institute for Astronomy ","2680 WOODLAWN DR","uhm_admin","1","2026-6-17","160","30","$1,169.31","$2,542.80","$1,169.31","$2,542.80","$3,527.36","$3,712.11","fy26"
"702227448","College Hill","2234 KAMEHAMEHA AVE","uhm_admin","1","2026-6-16","197","32","$2,361.51","$1,319.65","$2,361.51","$1,319.65","$3,315.85","$3,681.16","fy26"
"828232769","UHM PRI","2500 DOLE ST","uhm_admin","1","2026-6-17","105","30","$1,518.00","$3,518.85","$376.74","-$125.44","$2,156.81","$2,408.11","fy26"
"1015515136","Bachman Hall"," 2444 Dole St","uhm_admin","1","2026-6-17","0","30","$57.31","$889.70","$57.31","$889.70","$976.81","$947.01","fy26"
"1351227019","Law School bill but it  serves Building 171F, Makai Portables, and the Air Force & Army ROTC Bldgs","2750 VARSITY PL","uhm_admin","1","2026-6-17","48","30","$390.91","$810.50","$390.91","$810.50","$1,394.11","$1,201.41","fy26"
"1970024388","Hawaii Hall AFS","2444 DOLE ST","uhm_admin","1","2026-6-17","0","30","$10.54","$0.00","$10.54","$0.00","$10.54","$10.54","fy26"
"2075731490","Hawaii Quad","2560 CAMPUS RD","uhm_admin","1","2026-6-17","601","30","$4,348.88","$7,319.20","$4,348.88","$7,319.20","$11,749.53","$11,668.08","fy26"
"2120007870","Magoon","2717 WOODLAWN DR","uhm_admin","1","2026-6-17","255","30","$1,829.56","$3,655.40","$1,829.56","$3,655.40","$4,849.26","$5,484.96","fy26"
"2512030535","Hawaiian Studies","2645 DOLE ST","uhm_admin","1","2026-6-17","100","30","$822.13","$2,542.50","$822.13","$2,542.50","$3,460.98","$3,364.63","fy26"
"3196583104","ACM (will be torn down soon)","2340 DOLE ST","uhm_admin","1","2026-6-16","0","32","$114.62","$254.20","$114.62","$254.20","$368.82","$368.82","fy26"
"3436873877","Keller Hall","2565 THE MALL","uhm_admin","1","2026-6-18","34","31","$306.93","$1,866.95","$306.93","$1,866.95","$11,439.23","$2,173.88","fy26"
"3552088266","Magoon","2719 WOODLAWN DR","uhm_admin","1","2026-6-17","0","30","$37.51","$0.00","$37.51","$0.00","$37.51","$37.51","fy26"
"3660930616","Bachman Area","1635 UNIVERSITY AVE","uhm_admin","1","2026-6-17","94","30","$710.61","$4,790.55","$710.61","$4,790.55","$6,499.41","$5,501.16","fy26"
"4510777068","Hemenway Area","2415 CAMPUS RD","uhm_admin","1","2026-6-17","17","30","$141.11","$1,827.15","$141.11","$1,827.15","$2,153.01","$1,968.26","fy26"
"5753055064","College of Ed Metcalf","2329 METCALF ST","uhm_admin","1","2026-6-17","400","33","$3,776.65","$4,150.90","$1,628.31","$671.14","$3,603.58","$5,903.03","fy26"
"5867595493","Makai Campus","1590 UNIVERSITY AVE","uhm_admin","1","2026-6-18","0","30","$134.42","$63.55","$134.42","$63.55","$197.97","$197.97","fy26"
"6073360529","Law School","2505 DOLE ST","uhm_admin","1","2026-6-18","15","30","$161.56","$413.15","$161.56","$413.15","$826.01","$574.71","fy26"
"6395697372","Parking structure ","2525 DOLE ST","uhm_admin","1","2026-6-18","2278","30","$15,959.23","$85,915.10","$15,959.23","$85,915.10","$103,819.18","$101,874.33","fy26"
"6588641878","Castle Memorial Building","1776 UNIVERSITY AVE","uhm_admin","1","2026-6-16","0","32","$69.82","$0.00","$69.82","$0.00","$69.82","$69.82","fy26"
"6866598284","Music Dept ph1","2421 DOLE ST","uhm_admin","1","2026-6-18","101","30","$836.37","$1,851.40","$836.37","$1,851.40","$2,990.72","$2,687.77","fy26"
"7090938420","Bachman Hall","2444 DOLE ST","uhm_admin","1","2026-6-17","0","30","$37.51","$0.00","$37.51","$0.00","$37.51","$37.51","fy26"
"7308357431","Magoon","2727 WOODLAWN DR","uhm_admin","1","2026-6-17","96","30","$690.16","$675.70","$690.16","$675.70","$4,299.12","$1,365.86","fy26"
"7418239794","Dole St. Parking Structure","2645 DOLE ST","uhm_admin","1","2026-6-17","5","30","$124.72","$0.00","$124.72","$0.00","$103.87","$124.72","fy26"
"7714052806","Hamiliton Library ","2444 DOLE ST","uhm_admin","1","2026-6-18","951","31","$6,736.58","$17,107.65","$6,736.58","$17,107.65","$23,844.23","$23,844.23","fy26"
"8821362865","Waialae Gate","2800 KALELE RD","uhm_admin","1","2026-6-17","0","30","$57.31","$0.00","$57.31","$0.00","$57.31","$57.31","fy26"
"8895599400","LC1 LC4 Temp Building","1490 UNIVERSITY AVE","uhm_admin","1","2026-6-17","51","30","$411.76","$1,215.65","$411.76","$1,215.65","$1,516.16","$1,627.41","fy26"
"9045013999","Bilger Hall","2545 THE MALL","uhm_admin","1","2026-6-17","5","29","$105.38","$95.35","$105.38","$95.35","$318.93","$200.73","fy26"
"9106985821","College of Education","1726 UNIVERSITY AVE","uhm_admin","1","2026-6-17","194","33","$1,482.72","$5,235.90","$1,482.72","$5,235.90","$7,036.47","$6,718.62","fy26"
"9149298847","Music Building","1512 UNIVERSITY AVE","uhm_admin","1","2026-6-17","29","30","$258.86","$500.60","$258.86","$500.60","$870.71","$759.46","fy26"
"1970024388","Hawaii Hall AFS","2444 DOLE ST","uhm_admin","1","2026-7-18","0","31","$10.54","$0.00","$10.54","$0.00","$10.54","$10.54","fy27"
"5867595493","Makai Campus","1590 UNIVERSITY AVE","uhm_admin","1","2026-7-20","0","32","$134.42","$54.00","$134.42","$54.00","$197.97","$188.42","fy27"
"2120007870","Magoon","2717 WOODLAWN DR","uhm_admin","1","2026-7-18","183","31","$1,329.16","$3,239.37","$1,329.16","$3,239.37","$5,484.96","$4,568.53","fy27"
"5999861532","Campus Center","2505 CAMPUS RD","uhm_admin","1","2026-7-18","876","31","$6,145.51","$8,245.82","$6,145.51","$8,245.82","$12,493.81","$14,391.33","fy27"
"9574993565","Sinclair Library ","2405 CAMPUS RD","uhm_admin","1","2026-7-18","813","31","$5,707.66","$9,858.01","$5,707.66","$9,858.01","$17,013.46","$15,565.67","fy27"
"6073360529","Law School","2505 DOLE ST","uhm_admin","1","2026-7-20","20","32","$196.31","$436.00","$196.31","$436.00","$574.71","$632.31","fy27"
"2075731490","Hawaii Quad","2560 CAMPUS RD","uhm_admin","1","2026-7-18","850","31","$6,079.43","$9,945.38","$6,079.43","$9,945.38","$11,668.08","$16,024.81","fy27"
"6395697372","Parking structure ","2525 DOLE ST","uhm_admin","1","2026-7-20","2205","32","$15,451.88","$78,997.51","$15,451.88","$78,997.51","$101,874.33","$94,449.39","fy27"
"6423941420","EW Dole","2566 DOLE ST","uhm_admin","1","2026-7-18","8191","31","$57,054.58","$144,942.68","$57,054.58","$144,942.68","$197,156.88","$201,997.26","fy27"
"7923743424","Johnson Hall","2555 DOLE ST","student_housing","1","2026-7-18","275","31","$2,051.70","$3,228.87","$2,051.70","$3,228.87","$6,956.00","$5,280.57","fy27"
"9282831505","East West 12 Main","2444 DOLE ST","uhm_admin","1","2026-7-18","5115","31","$36,279.35","$91,126.32","$36,279.35","$91,126.32","$128,961.70","$127,405.67","fy27"
"6588641878","Castle Memorial Building","1776 UNIVERSITY AVE","uhm_admin","1","2026-7-16","1","30","$69.82","$0.00","$69.82","$0.00","$69.82","$69.82","fy27"
"7540143529","Hale Anuenue","2741 VARSITY PL","student_housing","0","2026-7-18","5","31","$142.89","$642.29","$142.89","$642.29","$903.54","$785.18","fy27"
"6866598284","Music Dept ph1","2421 DOLE ST","uhm_admin","1","2026-7-20","124","32","$996.22","$2,053.22","$996.22","$2,053.22","$2,687.77","$3,049.44","fy27"
"1351227019","Law School bill but it  serves Building 171F, Makai Portables, and the Air Force & Army ROTC Bldgs","2750 VARSITY PL","uhm_admin","1","2026-7-18","39","31","$328.36","$753.73","$328.36","$753.73","$1,201.41","$1,082.09","fy27"
"7090938420","Bachman Hall","2444 DOLE ST","uhm_admin","1","2026-7-18","0","31","$37.51","$0.00","$37.51","$0.00","$37.51","$37.51","fy27"
"9149298847","Music Building","1512 UNIVERSITY AVE","uhm_admin","1","2026-7-18","17","31","$175.46","$416.25","$175.46","$416.25","$759.46","$591.71","fy27"
"7308357431","Magoon","2727 WOODLAWN DR","uhm_admin","1","2026-7-18","57","31","$419.11","$524.02","$419.11","$524.02","$1,365.86","$943.13","fy27"
"1015515136","Bachman Hall"," 2444 Dole St","uhm_admin","1","2026-7-18","1","31","$64.26","$775.72","$64.26","$775.72","$947.01","$839.98","fy27"
"1526984921","Frear Hall","2568 DOLE ST","student_housing","1","2026-7-18","512","31","$3,685.53","$9,487.13","$3,685.53","$9,487.13","$34,640.81","$13,172.66","fy27"
"7418239794","Dole St. Parking Structure","2645 DOLE ST","uhm_admin","1","2026-7-18","5","31","$124.72","$0.00","$124.72","$0.00","$124.72","$124.72","fy27"
"7714052806","Hamiliton Library ","2444 DOLE ST","uhm_admin","1","2026-7-20","920","32","$6,521.13","$17,032.00","$6,521.13","$17,032.00","$23,844.23","$23,553.13","fy27"
"828232769","UHM PRI","2500 DOLE ST","uhm_admin","1","2026-7-18","157","31","$1,148.46","$2,105.76","$1,148.46","$2,105.76","$5,036.85","$3,254.22","fy27"
"8821362865","Waialae Gate","2800 KALELE RD","uhm_admin","1","2026-7-18","0","31","$57.31","$0.00","$57.31","$0.00","$57.31","$57.31","fy27"
"8895599400","LC1 LC4 Temp Building","1490 UNIVERSITY AVE","uhm_admin","1","2026-7-18","53","31","$425.66","$1,194.05","$425.66","$1,194.05","$1,627.41","$1,619.71","fy27"
"702227448","College Hill","2234 KAMEHAMEHA AVE","uhm_admin","1","2026-7-16","175","30","$2,060.77","$1,458.12","$2,060.77","$1,458.12","$3,681.16","$3,518.89","fy27"
"9327860114","Bachman","2446 DOLE ST","uhm_admin","1","2026-7-18","0","31","$69.82","$0.00","$69.82","$0.00","$69.82","$69.82","fy27"
"9045013999","Bilger Hall","2545 THE MALL","uhm_admin","1","2026-7-18","12","31","$154.03","$156.72","$154.03","$156.72","$200.73","$310.75","fy27"
"9106985821","College of Education","1726 UNIVERSITY AVE","uhm_admin","1","2026-7-17","220","30","$1,663.42","$5,244.23","$1,663.42","$5,244.23","$6,718.62","$6,907.65","fy27"
"311848343","Institute for Astronomy ","2680 WOODLAWN DR","uhm_admin","1","2026-7-18","148","31","$1,085.91","$2,516.28","$1,085.91","$2,516.28","$3,712.11","$3,602.19","fy27"
"3436873877","Keller Hall","2565 THE MALL","uhm_admin","1","2026-7-18","234","30","$1,696.93","$3,335.87","$1,696.93","$3,335.87","$2,173.88","$5,032.80","fy27"
"3552088266","Magoon","2719 WOODLAWN DR","uhm_admin","1","2026-7-18","0","31","$37.51","$0.00","$37.51","$0.00","$37.51","$37.51","fy27"
"3660930616","Bachman Area","1635 UNIVERSITY AVE","uhm_admin","1","2026-7-18","204","31","$1,475.11","$5,271.97","$1,475.11","$5,271.97","$5,501.16","$6,747.08","fy27"
"3196583104","ACM (will be torn down soon)","2340 DOLE ST","uhm_admin","1","2026-7-16","0","30","$114.62","$221.60","$114.62","$221.60","$368.82","$336.22","fy27"
"34775567","Stan Sheriff Center","2421 DOLE ST","uhm_admin","1","2026-7-20","998","32","$7,063.23","$15,245.25","$7,063.23","$15,245.25","$26,663.08","$22,308.48","fy27"
"4510777068","Hemenway Area","2415 CAMPUS RD","uhm_admin","1","2026-7-18","16","31","$134.16","$1,609.01","$134.16","$1,609.01","$1,968.26","$1,743.17","fy27"
"5753055064","College of Ed Metcalf","2329 METCALF ST","uhm_admin","1","2026-7-17","429","30","$4,029.84","$4,966.99","$2,401.53","$4,295.85","$5,903.03","$6,972.31","fy27"
"2512030535","Hawaiian Studies","2645 DOLE ST","uhm_admin","1","2026-7-18","117","31","$940.28","$2,599.47","$940.28","$2,599.47","$3,364.63","$3,539.75","fy27"
"828232769","UHM PRI","2500 DOLE ST","uhm_admin","1","2026-8-18","145","31","$2,303.94","$4,202.09","$1,155.48","$2,096.33","$0.00","$3,251.81","fy27"
"9574993565","Sinclair Library ","2405 CAMPUS RD","uhm_admin","1","2026-8-18","479","31","$9,381.50","$17,236.83","$9,381.50","$17,236.83","$0.00","$11,052.66","fy27"
"5867595493","Makai Campus","1590 UNIVERSITY AVE","uhm_admin","1","2026-8-19","0","30","$280.27","$102.27","$145.85","$48.27","$0.00","$194.12","fy27"
"2120007870","Magoon","2717 WOODLAWN DR","uhm_admin","1","2026-8-18","186","31","$2,793.78","$6,546.68","$1,464.62","$3,307.31","$0.00","$4,771.93","fy27"
"3436873877","Keller Hall","2565 THE MALL","uhm_admin","1","2026-8-18","350","31","$4,412.56","$7,903.29","$2,715.63","$4,567.42","$0.00","$7,283.05","fy27"
"7714052806","Hamiliton Library ","2444 DOLE ST","uhm_admin","1","2026-8-18","836","29","$12,962.51","$33,345.25","$6,441.38","$16,313.25","$0.00","$22,754.63","fy27"
"5999861532","Campus Center","2505 CAMPUS RD","uhm_admin","1","2026-8-18","876","31","$12,812.73","$17,504.05","$6,667.22","$9,258.23","$0.00","$15,925.45","fy27"
"2075731490","Hawaii Quad","2560 CAMPUS RD","uhm_admin","1","2026-8-18","830","31","$12,524.18","$20,455.35","$6,444.75","$10,509.97","$0.00","$16,954.72","fy27"
"34775567","Stan Sheriff Center","2421 DOLE ST","uhm_admin","1","2026-8-19","926","30","$14,183.21","$30,238.11","$7,119.98","$14,992.86","$0.00","$22,112.84","fy27"
"9149298847","Music Building","1512 UNIVERSITY AVE","uhm_admin","1","2026-8-18","24","31","$418.60","$882.37","$243.14","$466.12","$0.00","$709.26","fy27"
"6073360529","Law School","2505 DOLE ST","uhm_admin","1","2026-8-19","16","30","$379.13","$831.14","$182.82","$395.14","$0.00","$577.96","fy27"
"5753055064","College of Ed Metcalf","2329 METCALF ST","uhm_admin","1","2026-8-14","325","28","$5,579.31","$7,382.09","$3,177.78","$3,086.24","$2,024.52","$5,989.09","fy27"
"7540143529","Hale Anuenue","2741 VARSITY PL","student_housing","0","2026-8-18","52","31","$652.30","$1,670.12","$509.41","$1,027.83","$0.00","$1,537.24","fy27"
"8821362865","Waialae Gate","2800 KALELE RD","uhm_admin","1","2026-8-18","0","31","$119.49","$0.00","$62.18","$0.00","$0.00","$62.18","fy27"
"6395697372","Parking structure ","2525 DOLE ST","uhm_admin","1","2026-8-19","2128","30","$31,634.94","$153,387.65","$16,183.06","$74,390.14","$0.00","$90,573.20","fy27"
"1970024388","Hawaii Hall AFS","2444 DOLE ST","uhm_admin","1","2026-8-18","0","31","$21.97","$0.00","$11.43","$0.00","$0.00","$11.43","fy27"
"702227448","College Hill","2234 KAMEHAMEHA AVE","uhm_admin","1","2026-8-14","175","29","$4,328.38","$3,162.59","$2,267.61","$1,704.47","$0.00","$3,972.08","fy27"
"6423941420","EW Dole","2566 DOLE ST","uhm_admin","1","2026-8-18","7654","31","$114,903.68","$286,307.33","$57,849.10","$141,364.65","$0.00","$199,213.75","fy27"
"9327860114","Bachman","2446 DOLE ST","uhm_admin","1","2026-8-18","0","31","$145.58","$0.00","$75.76","$0.00","$0.00","$75.76","fy27"
"3552088266","Magoon","2719 WOODLAWN DR","uhm_admin","1","2026-8-18","0","31","$78.21","$0.00","$40.70","$0.00","$0.00","$40.70","fy27"
"8895599400","LC1 LC4 Temp Building","1490 UNIVERSITY AVE","uhm_admin","1","2026-8-18","45","31","$827.14","$2,295.71","$401.48","$1,101.66","$0.00","$1,503.14","fy27"
"6588641878","Castle Memorial Building","1776 UNIVERSITY AVE","uhm_admin","1","2026-8-14","0","29","$145.58","$0.00","$75.76","$0.00","$0.00","$75.76","fy27"
"1351227019","Law School bill but it  serves Building 171F, Makai Portables, and the Air Force & Army ROTC Bldgs","2750 VARSITY PL","uhm_admin","1","2026-8-18","40","31","$692.14","$1,518.45","$363.78","$764.72","$0.00","$1,128.50","fy27"
"3196583104","ACM (will be torn down soon)","2340 DOLE ST","uhm_admin","1","2026-8-14","0","29","$238.98","$414.68","$124.36","$193.08","$0.00","$317.44","fy27"
"9106985821","College of Education","1726 UNIVERSITY AVE","uhm_admin","1","2026-8-14","160","28","$3,015.67","$9,799.48","$1,352.25","$4,555.25","$0.00","$5,907.50","fy27"
"6866598284","Music Dept ph1","2421 DOLE ST","uhm_admin","1","2026-8-19","123","30","$2,069.49","$4,129.69","$1,073.27","$2,076.47","$0.00","$3,149.74","fy27"
"4510777068","Hemenway Area","2415 CAMPUS RD","uhm_admin","1","2026-8-18","20","31","$309.87","$3,101.58","$175.71","$1,492.57","$0.00","$1,668.28","fy27"
"1526984921","Frear Hall","2568 DOLE ST","student_housing","1","2026-8-18","446","31","$7,186.31","$18,392.63","$3,500.78","$8,905.50","$0.00","$12,406.28","fy27"
"9045013999","Bilger Hall","2545 THE MALL","uhm_admin","1","2026-8-18","6","31","$275.90","$264.14","$121.87","$107.42","$0.00","$229.29","fy27"
"7090938420","Bachman Hall","2444 DOLE ST","uhm_admin","1","2026-8-18","0","31","$78.21","$0.00","$40.70","$0.00","$0.00","$40.70","fy27"
"1015515136","Bachman Hall"," 2444 Dole St","uhm_admin","1","2026-8-18","11","31","$209.38","$1,557.97","$145.12","$782.25","$0.00","$927.37","fy27"
"311848343","Institute for Astronomy ","2680 WOODLAWN DR","uhm_admin","1","2026-8-18","171","31","$2,437.43","$5,295.47","$1,351.52","$2,779.19","$0.00","$4,130.71","fy27"
"9282831505","East West 12 Main","2444 DOLE ST","uhm_admin","1","2026-8-18","4900","31","$74,017.49","$181,087.73","$37,738.14","$89,961.41","$0.00","$127,699.55","fy27"
"7308357431","Magoon","2727 WOODLAWN DR","uhm_admin","1","2026-8-18","37","31","$723.00","$927.19","$303.89","$403.17","$0.00","$707.06","fy27"
"3660930616","Bachman Area","1635 UNIVERSITY AVE","uhm_admin","1","2026-8-18","136","31","$2,562.73","$9,747.26","$1,087.62","$4,475.29","$0.00","$5,562.91","fy27"
"2512030535","Hawaiian Studies","2645 DOLE ST","uhm_admin","1","2026-8-18","93","31","$1,779.44","$4,922.99","$839.16","$2,323.52","$0.00","$3,162.68","fy27"
"7923743424","Johnson Hall","2555 DOLE ST","student_housing","1","2026-8-18","309","31","$4,533.95","$7,019.74","$2,482.25","$3,790.87","$0.00","$6,273.12","fy27"
"7418239794","Dole St. Parking Structure","2645 DOLE ST","uhm_admin","1","2026-8-18","0","31","$222.35","$0.00","$97.63","$0.00","$0.00","$97.63","fy27"
